id,condition,accuracy_high,accuracy_low,bet_high,bet_low,cnf_high,cnf_low,pre_auroc2_high,pre_auroc2_low,post_auroc2_high,post_auroc2_low,d1_high,d1_low,score_high,score_low,bet_rt_high,bet_rt_low,ans_rt_high,ans_rt_low,cnf_rt_high,cnf_rt_low
5666628,cnf,0.5,0.6857142857142857,0.4117647058823529,0.5428571428571428,4.294117647058823,2.9714285714285715,0.48333333333333334,0.475,0.539447731755424,0.40356394129979034,0.14969649029673737,0.9104133605421845,21,33,0.5963382352941177,0.3890942857142857,0.3892764705882353,0.31206857144285716,0.5640411764705883,0.3226971428542857
5666658,cnf,0.7352941176470589,0.8611111111111112,0.5294117647058824,0.5833333333333334,3.2058823529411766,3.25,0.4895833333333333,0.4506578947368421,0.4652173913043478,0.7427860696517413,1.1829778093054384,2.0183932887297935,29,46,0.43548235295882354,0.4998888888888889,0.8733852941,1.0770555555444445,0.6649794117617647,0.8615888889083334
5666660,bet,0.5,0.5,0.5555555555555556,0.5,3.6666666666666665,3.5833333333333335,0.4958333333333333,0.5,0.617787031528852,0.5892325996430696,1e-4,1e-4,20,18,0.3899444444444444,0.4895583333333333,0.5974,0.566625,0.6414277777777778,0.5396138888888888
5666672,cnf,0.5,0.45714285714285713,0.6111111111111112,0.5142857142857142,3.0277777777777777,3.2857142857142856,0.5034965034965034,0.5238095238095238,0.6142177275431291,0.5628535512256443,1e-4,-0.20199777259462698,16,8,0.5237222222222222,0.47385714285714287,0.97425,0.7492857142857143,0.6350277777777777,0.40654285714285715
5666697,bet,0.6388888888888888,0.5555555555555556,0.5,0.4722222222222222,4.194444444444445,4.5,0.4835164835164835,0.4851190476190476,0.6416824794433902,0.6561561561561562,0.7164975001779914,0.2669941254049526,29,25,0.356902777775,0.3670583333361111,0.7509861111111111,0.6625999999916666,0.8773388889027778,0.8397388889027778
5666707,cnf,0.5588235294117647,0.8333333333333334,0.5882352941176471,0.7222222222222222,3.1470588235294117,3.5,0.48660714285714285,0.46969696969696967,0.5106312292358804,0.5615384615384615,0.2587371421455247,1.8354558812405513,25,46,0.3645,0.3587416666666667,0.5481323529411765,0.6415555555555555,0.25944117647058823,0.4852166666666667
5666744,bet,0.4722222222222222,0.5555555555555556,0.5,0.5,3.5555555555555554,3.2222222222222223,0.5104166666666667,0.4949494949494949,0.39743589743589747,0.6525525525525525,-0.13468127312878128,0.3097732483066279,13,22,0.46046944442777776,0.3890666666638889,0.8512222222333333,0.8486694444444445,1.2713444444416666,1.2378333333361111
5666745,bet,0.5833333333333334,0.7777777777777778,0.8333333333333334,0.3888888888888889,2.9444444444444446,2.3333333333333335,0.49603174603174605,0.4358974358974359,0.47933130699088144,0.5999219359875098,0.5640354383599063,1.5256826329339233,25,38,0.35686666665,0.3478555555444445,0.6218111111194444,0.8790333333222222,0.47185833331944443,0.8790749999944445
5666751,bet,0.47058823529411764,0.5454545454545454,0.4411764705882353,0.48484848484848486,2.9705882352941178,2.606060606060606,0.4965277777777778,0.5,0.3945286750164799,0.5250871080139373,-0.2976692190238788,0.12301314651930617,17,18,0.3710117647058824,0.4194969696969697,0.5849941176470588,0.736230303030303,0.2783235294117647,0.3819181818181818
5666755,cnf,0.8333333333333334,1,0.4722222222222222,0.5142857142857142,2.9166666666666665,3.4857142857142858,0.4322916666666667,0.2631578947368421,0.6158371040723982,0.5906666666666667,2.3446557627241926,3.852437335908386,43,53,0.6877194444277778,0.6477971428114285,1.1840277777833332,0.8748514286571428,1.2296388889055556,1.0106742858228572
5666756,cnf,0.5142857142857142,0.6285714285714286,0.2571428571428571,0.5428571428571428,3,3.8,0.5083333333333333,0.48214285714285715,0.46122576610381494,0.6882817643186306,0.04643488359329695,0.6246078630211092,17,29,0.40058571428571427,0.49806,0.7975742857142857,0.8212428571428572,0.5598542857142857,0.7539257142857143
5666757,bet,0.6,0.7777777777777778,0.42857142857142855,0.4722222222222222,4.257142857142857,4.388888888888889,0.4965277777777778,0.46785714285714286,0.5399742101869761,0.7138953942232631,0.5421768979199104,1.4329950003559828,22,37,0.41074000000285715,0.3989416666444444,0.7096742857057142,0.6336250000027778,0.8551342857085714,0.7990305555583334
5666759,bet,0.5151515151515151,0.6875,0.48484848484848486,0.5,4.606060606060606,4.5,0.487012987012987,0.47916666666666663,0.5304920304920305,0.5457142857142857,0.040842031841791915,1.5902030498677626,21,28,0.7733,0.69969687499375,1.2412424242484847,1.1225375,0.9815909090969697,0.806274999996875
5666770,cnf,0.6764705882352942,0.8,0.6764705882352942,0.8571428571428571,4.088235294117647,4.3428571428571425,0.4878472222222222,0.4742857142857143,0.6234567901234569,0.6949956859361519,0.8542298531683206,1.6274464401719164,30,46,0.36995000000588235,0.4188085714457143,0.6486676470794118,0.6436428571285714,0.4852647058911765,0.5560885714085714
5666777,bet,0.6,0.8181818181818182,0.6,0.48484848484848486,3.1714285714285713,3.727272727272727,0.49007936507936506,0.43333333333333335,0.5,0.7352941176470589,0.48780327011570235,1.7142291257089495,26,39,0.41812285714285713,0.3686333333333333,0.8559485714285714,0.9825818181818182,0.71868,0.7914757575757576
5666782,bet,0.4444444444444444,0.6666666666666666,0.5277777777777778,0.5,3.3055555555555554,3.611111111111111,0.5069444444444445,0.4895833333333333,0.5036036036036037,0.4375406636304489,-0.5127526712389298,0.8134485037427271,13,28,0.3098194444444444,0.35355555555555557,0.6742833333333333,0.6183027777777778,0.6881805555555556,0.89615
5666783,cnf,0.5,0.6666666666666666,0.4722222222222222,0.45454545454545453,3.25,3.4242424242424243,0.49722222222222223,0.481060606060606,0.5452111838191552,0.5786092214663643,1e-4,1.0836872166349711,19,27,0.3849638888888889,0.42534848484848486,0.7444638888888889,0.6550939393939393,0.4087527777777778,0.6982121212121212
5666796,bet,0.5833333333333334,0.6111111111111112,0.5833333333333334,0.5,3.2222222222222223,3,0.5018939393939394,0.5,0.596048632218845,0.5395794681508967,0.5640354383599063,0.6324407822622812,20,22,0.41239722222222225,0.38925791666666665,0.6013934722222222,0.5239280555555555,0.6664622222222222,0.5626759722222222
5666803,cnf,0.5833333333333334,0.6944444444444444,0.5277777777777778,0.6388888888888888,4.222222222222222,4.416666666666667,0.4930555555555555,0.4834558823529412,0.6373860182370821,0.5336700336700336,0.6956900787281723,1.2798747266299921,24,34,0.3164416666666667,0.3407833333333333,0.4796916666666667,0.706963888888889,0.5685777777777777,0.6976527777777778
5666818,bet,0.4722222222222222,0.6944444444444444,0.5,0.5,4.277777777777778,4.027777777777778,0.5050505050505051,0.4895833333333333,0.5095408467501491,0.6427609427609428,-0.13973012646641103,1.1189583810625598,15,29,0.33805,0.44785,0.6507388888888889,0.8221833333333334,0.8459583333333334,1.148525
5666839,cnf,0.4722222222222222,0.5428571428571428,0.5555555555555556,0.45714285714285713,2.5555555555555554,2.2,0.5,0.47916666666666663,0.5011926058437687,0.5502828409805154,-0.13231285227617118,0.30671117747151877,17,25,0.50175,0.35559999999999997,0.6933611111111111,0.8045714285714286,0.5858888888888889,0.636
5666841,cnf,0.5882352941176471,0.8611111111111112,0.47058823529411764,0.4722222222222222,4.205882352941177,4.527777777777778,0.5,0.4322916666666667,0.5067340067340067,0.7029850746268658,0.4965913653560189,2.128685079084155,20,44,0.29735,0.3928,0.8217,0.8796194444444444,0.39090882352941175,0.5118888888888888
5666847,bet,0.5714285714285714,0.6944444444444444,0.45714285714285713,0.4722222222222222,2.2857142857142856,2.3333333333333335,0.5,0.46785714285714286,0.48095238095238096,0.6360269360269359,0.4074956247911291,0.983491625582944,20,34,0.5951171428628571,0.4228722222222222,0.46363428571142856,0.372658333325,0.6473485714257142,0.6018194444333334
5666850,bet,0.6666666666666666,0.75,0.5,0.5,3.9166666666666665,3.7777777777777777,0.4835164835164835,0.47619047619047616,0.5130123617436565,0.5265291083271922,0.8994349076672338,1.3061591595385973,30,35,0.5661666666666667,0.5767222222222222,0.8998611111111111,0.9191944444444444,0.48391666666666666,0.6
5666863,bet,0.45454545454545453,0.6111111111111112,0.5454545454545454,0.5555555555555556,3.9393939393939394,4.305555555555555,0.5238095238095238,0.48095238095238096,0.5487804878048781,0.5766852195423624,-0.2645328197443789,0.7122341291911962,7,30,0.41142727272727275,0.4138472222222222,0.7999909090909091,0.7908444444444445,0.9875242424242424,0.8879361111111111
5666868,cnf,0.6666666666666666,0.6176470588235294,0.4722222222222222,0.47058823529411764,3.7222222222222223,3.5,0.4914772727272727,0.49375,0.4245283018867924,0.6002059025394646,1.145193453501211,0.5781729794278122,27,23,0.4100722222222222,0.4465323529411765,0.6597555555555555,0.9945411764705883,0.8556083333333333,1.0223588235294119
5666869,cnf,0.5,0.6666666666666666,0.4722222222222222,0.4444444444444444,3.111111111111111,3.0555555555555554,0.5027777777777778,0.487012987012987,0.664187983343248,0.6001951854261548,1e-4,0.8488103524541627,17,28,0.36104444444444445,0.32303611111111113,0.91,0.8650722222222222,0.7035916666666666,0.5409666666666667
5666874,bet,0.5555555555555556,0.6111111111111112,0.5277777777777778,0.5,4.083333333333333,4.194444444444445,0.5022727272727273,0.4835164835164835,0.4399399399399399,0.61626468769325915,0.3097732483066278,0.5841846479018202,19,28,0.47372499998333334,0.48327500000555557,0.6746972222388888,0.6712916666555556,0.8396027777722223,0.6817722222222222
5666877,bet,0.6428571428571429,0.5833333333333334,0.4642857142857143,0.5,3.142857142857143,3.5277777777777777,0.4955357142857143,0.4835164835164835,0.37317073170731707,0.5364741641337386,0.8543031458463577,0.5640354383599063,19,27,0.25578214285714285,0.33891666666666664,0.8295071428571429,0.7646000000000001,0.5809857142857143,0.713275
5666885,bet,0.7272727272727273,0.8947368421052632,0.5151515151515151,0.5789473684210527,4.696969696969697,4.947368421052632,0.46785714285714286,0.4416666666666667,0.5459392945036916,0.6538461538461539,1.1762825061719113,2.321120193972024,33,24,0.49597575757575757,0.49679473684210523,0.6146939393939393,0.33664736842105264,0.294,0.16327894736842105
5666887,cnf,0.6666666666666666,0.6944444444444444,0.5,0.5277777777777778,3.3333333333333335,3.5277777777777777,0.4835164835164835,0.48214285714285715,0.570266753415745,0.5592592592592592,0.8488103524541627,1.1189583810625598,30,32,0.50315,0.6847527777777778,0.7451416666666667,0.7137555555555556,0.6238055555555555,0.4559166666666667
5666895,bet,0.5,0.5,0.5882352941176471,0.5555555555555556,3.2058823529411766,3.2777777777777777,0.49145299145299143,0.5,0.4815910585141354,0.5452111838191553,1e-4,1e-4,21,18,0.3640294117647059,0.45619444444444446,0.9422352941176471,1.0524444444444445,0.5428235294117647,0.8077222222222222
5666910,bet,0.8,0.75,0.5428571428571428,0.5277777777777778,3.3714285714285714,2.9444444444444446,0.4522058823529412,0.4522058823529412,0.5465918895599655,0.48526160648489314,1.7676779967456946,1.3859525064675124,41,40,0.3555942857142857,0.4663638888888889,0.6781257142857143,0.8731861111111111,0.5950057142857142,0.9067583333333333
5666917,bet,0.4857142857142857,0.8571428571428571,0.5142857142857142,0.5428571428571428,3.5428571428571427,4.114285714285714,0.4949494949494949,0.4522058823529412,0.6113195747342088,0.5923076923076923,-0.03363347298580055,2.4464195699621856,19,43,0.3406571428571429,0.27458571428571427,1.0148885714285714,0.8147457142857143,0.8976342857142857,0.7958114285714286
5666922,cnf,0.5833333333333334,0.8888888888888888,0.6944444444444444,0.5,3.75,4,0.4928977272727273,0.3888888888888889,0.6714285714285714,0.8433667781493868,0.3993069776811239,2.3116224865733974,26,48,0.5506638888916666,0.5968111111111111,0.6656777777833334,0.5871166666833333,0.5955416666527777,0.43975277776666666
5666926,cnf,0.5714285714285714,0.7777777777777778,0.5142857142857142,0.5,3.9714285714285715,3.6666666666666665,0.47619047619047616,0.4666666666666667,0.5596825396825397,0.5265417642466822,0.6664966269226469,1.4543578503698873,28,38,0.3049685714285714,0.3949888888888889,0.5079771428571429,0.7047583333333334,0.3911428571428571,0.5058361111111112
5666927,bet,0.6764705882352942,0.6857142857142857,0.5,0.5714285714285714,3.0294117647058822,3.7714285714285714,0.47756410256410253,0.48660714285714285,0.47240377632534497,0.6215932914046122,0.9313190404926279,0.9269258944259161,30,30,0.48814411764705884,0.55102,0.8445705882352941,0.9276171428571429,0.6166411764705882,0.5843542857142857
5666930,cnf,0.7222222222222222,0.8888888888888888,0.5277777777777778,0.5277777777777778,3.8333333333333335,3.6944444444444446,0.4879807692307692,0.465625,0.48877192982456136,0.8010033444816054,1.1664290330721863,2.65442901103082,31,43,0.5176833333333334,0.47557777777777777,0.8846722222222222,0.84195,0.8748277777777778,0.74585
5666932,bet,0.5,0.6666666666666666,0.5,0.6388888888888888,4.361111111111111,4.638888888888889,0.4949494949494949,0.4834558823529412,0.451219512195122,0.6379310344827587,1e-4,0.8994349076672338,20,33,0.48677777777777775,0.4416388888888889,0.8051666666666667,0.7425555555555555,0.6041944444444445,0.5324166666666666
5666935,cnf,0.4722222222222222,0.5555555555555556,0.5277777777777778,0.4444444444444444,3.6944444444444446,3.8055555555555554,0.5022727272727273,0.49375,0.5608228980322003,0.6513513513513512,-0.1481986908312899,0.3097732483066278,16,22,0.4553583333333333,0.4396027777777778,0.7002472222222222,0.7647972222222222,0.49561388888888885,0.5904833333333334
5666950,bet,0.5151515151515151,0.6944444444444444,0.48484848484848486,0.5277777777777778,3.393939393939394,3.75,0.5,0.4522058823529412,0.5152460152460152,0.5673400673400674,0.29349266907159066,0.983491625582944,17,38,0.5132212121212121,0.5390861111111112,0.8947212121212121,0.8850166666666667,0.6810666666666667,0.8187777777777778
5666960,bet,0.5277777777777778,0.5294117647058824,0.5277777777777778,0.47058823529411764,3.5833333333333335,3.823529411764706,0.5069444444444445,0.5,0.6216457960644006,0.580421885299934,0.21952347339532607,0.18714436997809059,16,18,0.45957499998055557,0.49951470587647057,1.0693249999944445,1.1404647058882353,0.9892166666611111,0.9642382352882353
5666964,bet,0.5833333333333334,0.75,0.4722222222222222,0.5,3.2222222222222223,3.361111111111111,0.4851190476190476,0.47619047619047616,0.5863221884498481,0.6414885777450259,0.42261009042648223,1.271420442880645,26,35,0.4452361110972222,0.41833333333333333,0.617772222238889,0.5597000000027778,0.9390805555611111,0.7093472222416667
5666968,bet,0.6571428571428571,0.7777777777777778,0.5142857142857142,0.5,4.2,4.416666666666667,0.47619047619047616,0.4835164835164835,0.5851926977687627,0.6249024199843872,0.8616341201741723,1.6791817043111161,31,34,0.3135114285742857,0.33218333336944444,0.8252171428857142,0.74026388889999994,0.6232457142885715,0.7183499999833334
5666970,cnf,0.5555555555555556,0.7222222222222222,0.5277777777777778,0.5277777777777778,3.1944444444444446,3.361111111111111,0.4930555555555555,0.48214285714285715,0.5708708708708709,0.6557894736842105,0.3097732483066278,1.1232217520493548,23,33,0.49366111111666666,0.4843972222166667,0.8189000000027777,0.7211472222138889,0.7054722222222223,0.7140111110972223
5666975,cnf,0.6285714285714286,0.6111111111111112,0.4,0.4722222222222222,3.8,4.388888888888889,0.4727272727272727,0.4914772727272727,0.4986833443054641,0.608843537414966,0.818330782671806,0.7122341291911962,28,25,0.5555114285657143,0.52725555555,0.8211371428542857,0.775422222225,1.155797142857143,0.8967805555833334
5666977,cnf,0.6111111111111112,0.7777777777777778,0.5555555555555556,0.5,4.138888888888889,4.555555555555555,0.49145299145299143,0.47619047619047616,0.5606060606060606,0.6342701014832162,0.7122341291911963,1.4543578503698873,26,36,0.39355555555555555,0.3706083333333333,0.4506222222222222,0.5786805555555555,0.6205777777777778,0.7172638888888889
5666981,bet,0.4411764705882353,0.5757575757575758,0.5294117647058824,0.5151515151515151,3.9705882352941178,4.787878787878788,0.5050505050505051,0.4851190476190476,0.45880398671096345,0.5295983086680761,-0.4108351578806776,0.40378218916167724,13,24,0.37965882351470587,0.3679060605909091,0.6093294117588235,0.6716333333303031,0.3910911764588235,0.5236484848454546
5666987,bet,0.6363636363636364,0.6944444444444444,0.6666666666666666,0.8055555555555556,4.333333333333333,3.9166666666666665,0.4888888888888889,0.4869047619047619,0.52494497432135,0.6508417508417509,0.7860179976110923,0.983491625582944,27,36,0.5923636363636363,0.7676666666666667,0.9109393939393939,0.8768055555555555,0.7957878787878788,0.7203055555555555
5667008,cnf,0.5833333333333334,0.8888888888888888,0.6944444444444444,0.75,4.611111111111111,4.944444444444445,0.49583333333333335,0.4475,0.6276595744680852,0.7006688963210702,0.4495033747730388,2.3116224865733974,24,53,0.5284694444527778,0.3960361111055556,0.7691083333277777,0.6656583333361111,0.8091027777694444,0.47794166667777777
5667012,bet,0.6176470588235294,0.7058823529411765,0.5294117647058824,0.5588235294117647,3.0588235294117645,3.2941176470588234,0.4666666666666667,0.4879807692307692,0.5549073438572409,0.6283018867924528,0.7298344902372286,1.704077430807632,31,29,0.3633647058823529,0.46554117647058824,0.6511470588235294,0.6438617647058823,0.8736382352941177,0.7901058823529412
5667016,bet,0.5588235294117647,0.9142857142857143,0.5882352941176471,0.42857142857142855,1.7647058823529411,1.8,0.49145299145299143,0.39166666666666666,0.607641196013289,0.5316205533596838,0.31899933235655065,2.497512486982923,23,45,0.36942941176764704,0.3425657143057143,0.7828117646941176,0.8739085714171428,0.7160176470735294,0.6904514285771428
5667021,bet,0.5142857142857142,0.6764705882352942,0.5142857142857142,0.5294117647058824,3.2857142857142856,3.676470588235294,0.5,0.47619047619047616,0.5863039399624765,0.4302832244008715,0.05656573115702776,0.9313190404926279,18,31,0.5782142857142857,0.6732088235294118,0.9881142857142857,1.1242147058823528,0.8572142857142857,0.9800970588235294
5667022,bet,0.5714285714285714,0.6944444444444444,0.5142857142857142,0.5,3.2285714285714286,3.3055555555555554,0.4949494949494949,0.47619047619047616,0.48857142857142855,0.7114478114478114,0.3610070823384607,0.983491625582944,22,33,0.6251828571428572,0.4214777777777778,0.9798142857142857,0.9170916666666666,1.0846285714285715,0.9182555555555556
5667028,cnf,0.5757575757575758,0.5882352941176471,0.6363636363636364,0.4117647058823529,3.484848484848485,3.7058823529411766,0.48541666666666666,0.4727272727272727,0.507047216349542,0.702020202020202,0.3689918307841227,0.42517533815798636,26,26,0.4151848484848485,0.3361441176470588,1.0604151515151514,0.9474705882352941,0.6891818181818182,0.6725823529411765
5667034,cnf,0.5555555555555556,0.5555555555555556,0.4722222222222222,0.5555555555555556,3.861111111111111,3.4166666666666665,0.4851190476190476,0.4958333333333333,0.5084084084084084,0.47597597597597596,0.2879288172977009,0.2669941254049526,25,22,0.49533333333333335,0.6361944444444444,0.9878333333333333,0.9942222222222222,0.8925,0.9131388888888888
5667040,cnf,0.5882352941176471,0.6,0.4411764705882353,0.2857142857142857,3.7941176470588234,4,0.4965277777777778,0.5,0.5538720538720538,0.48323662153449387,0.5768368489674021,0.543944489827703,21,21,0.6908058823529412,0.8030485714285714,0.9917588235294118,0.66308,1.2824235294117647,1.0871428571428572
5667049,bet,0.5142857142857142,0.5833333333333334,0.5714285714285714,0.5555555555555556,3.4571428571428573,3.3333333333333335,0.5,0.4958333333333333,0.45747342088805504,0.7358662613981762,0.08849629243457813,0.4067242518713635,18,23,0.44646,0.4067472222222222,1.0313142857142856,0.9092666666666667,0.6486371428571429,0.5732694444444444
5667050,bet,0.5555555555555556,0.8055555555555556,0.5833333333333334,0.5,3.2222222222222223,2.8333333333333335,0.49007936507936506,0.4895833333333333,0.48078078078078074,0.5802005012531328,0.2879288172977009,1.615932407845225,25,33,0.37932222223055556,0.3773527777694444,0.5117000000055556,0.5625333333388889,0.3258166666833333,0.5253583333361111
5667051,cnf,0.6666666666666666,0.75,0.3611111111111111,0.4722222222222222,3.4722222222222223,3.888888888888889,0.4955357142857143,0.46785714285714286,0.42452830188679247,0.523581429624171,0.9866455287863886,1.3859525064675124,25,36,0.36029444445555553,0.32634444444444444,0.5551111111083333,0.3989083333333333,0.6792416666722222,0.46508888889166666
5667057,cnf,0.5714285714285714,0.8571428571428571,0.5714285714285714,0.42857142857142855,2.057142857142857,3.2,0.5,0.4567307692307692,0.66,0.4692307692307693,0.342741246524096,2.0866773291022453,20,39,0.5149771428428571,0.5030171428657143,0.5889200000028572,0.6278428571257143,0.9451428571485714,1.0741685714428573
5667063,bet,0.5862068965517241,0.5,0.5517241379310345,0.5588235294117647,2.896551724137931,3.176470588235294,0.5,0.5120192307692307,0.41158267020335987,0.4697567389875082,0.43572693406013224,0.032312785060714444,17,12,0.41925517242068966,0.36275882353235295,0.49660344827931036,0.5607852941352941,0.3405793103448276,0.31316470587941175
5667065,bet,0.5833333333333334,0.7222222222222222,0.5277777777777778,0.5277777777777778,3.3055555555555554,2.638888888888889,0.4977272727272727,0.475,0.4623100303951368,0.48175438596491227,0.49271065579587014,1.1664290330721863,22,35,0.4490972222222222,0.313125,0.8605833333333334,0.9084388888888889,0.7284555555555555,0.618375
5667067,cnf,0.6388888888888888,0.9166666666666666,0.5277777777777778,0.5,3.7222222222222223,3.861111111111111,0.4977272727272727,0.2631578947368421,0.6176470588235294,0.7432778489116517,0.7164975001779914,2.5311459599687236,24,51,0.4374027777777778,0.5059694444444445,0.7893583333333333,0.7262,0.54255,0.491475
5667082,bet,0.5588235294117647,0.59375,0.5294117647058824,0.46875,4.470588235294118,4.65625,0.4835164835164835,0.5034722222222222,0.5584717607973422,0.5420105026256564,0.3531460610648157,0.4300756463762444,25,18,0.3754411764705882,0.3594375,1.005235294117647,0.772875,0.2607058823529412,0.1595625
5667088,cnf,0.5833333333333334,0.8,0.5555555555555556,0.5142857142857142,3.4722222222222223,4.114285714285714,0.4958333333333333,0.4666666666666667,0.5936170212765958,0.6846419327006039,0.3993069776811238,1.5739246578633155,23,38,0.34079166666666666,0.3485057142857143,0.6078666666666667,0.7633371428571428,0.767475,0.8265371428571429
5667094,bet,0.6857142857142857,0.8571428571428571,0.4857142857142857,0.45714285714285713,3.942857142857143,4.142857142857143,0.4914772727272727,0.43333333333333335,0.5321453529000699,0.6025641025641025,1.2506812748244676,2.0866773291022453,27,42,0.3193742857142857,0.33272,0.6420542857142857,0.8012285714285714,0.6177971428571428,0.8118428571428572
5667098,cnf,0.5,0.7777777777777778,0.5,0.4722222222222222,4.333333333333333,3.888888888888889,0.5050505050505051,0.46785714285714286,0.5,0.8185011709601873,1e-4,1.6791817043111161,16,37,0.48519444444444443,0.4797444444444445,0.8848416666666666,1.0156361111111112,0.6861055555555555,0.723525
5667108,bet,0.5833333333333334,0.8055555555555556,0.5277777777777778,0.5,4,4.638888888888889,0.48214285714285715,0.453125,0.5072948328267477,0.5267335004177109,0.42261009042648223,1.615932407845225,28,41,0.47373888889166665,0.4587583333361111,1.2723722222222222,1.2274666666694445,0.5265027777861111,0.4381666666694444
5667109,cnf,0.7777777777777778,0.7777777777777778,0.4444444444444444,0.3611111111111111,2.2777777777777777,2.5555555555555554,0.45535714285714285,0.47500000000000003,0.5749414519906323,0.4875097580015613,1.5256826329339233,1.4543578503698873,38,33,0.5394722222222222,0.5415277777777777,1.0578888888888889,0.9806111111111111,0.5359444444444444,0.8956666666666667
5667114,cnf,0.4722222222222222,0.4117647058823529,0.8055555555555556,0.6764705882352942,3.5833333333333335,2.5588235294117645,0.5053418803418803,0.5016025641025641,0.5369707811568276,0.45824915824915824,-0.13468127312878128,-0.4208567884958495,12,13,0.6148861111111111,0.4592676470588235,0.4957944444444444,0.31422941176470587,0.42361944444444444,0.36670588235294116
5667122,bet,0.5428571428571428,0.7222222222222222,0.42857142857142855,0.4722222222222222,3.2285714285714286,3,0.5034722222222222,0.47756410256410253,0.4509742300439975,0.6221052631578947,0.20800944106863484,1.1664290330721863,18,33,0.40508571428571427,0.32809166666666667,0.9296285714285715,0.7858722222222222,0.8885171428571429,0.7447333333333334
5667126,cnf,0.53125,0.6470588235294118,0.59375,0.4117647058823529,2.875,3.3823529411764706,0.4879807692307692,0.48333333333333334,0.5336996336996337,0.4718508092892329,0.158545020546828,0.7514477979413949,22,26,0.5593375,0.5113617647058823,0.877825,0.8269411764705882,0.780265625,0.5345558823529412
5667127,bet,0.6,0.7222222222222222,0.5142857142857142,0.5,3.8,3.8055555555555554,0.5,0.4666666666666667,0.5464216634429401,0.7638596491228069,0.5084880591093566,1.1664290330721863,21,36,0.38208,0.42636666666666667,0.7112685714285715,0.8281000000000001,0.5548171428571429,0.5739027777777778
5667144,cnf,0.6857142857142857,0.8571428571428571,0.6571428571428571,0.7142857142857143,3.2,3.1714285714285713,0.4781746031746032,0.47023809523809523,0.5209643605870021,0.538974358974359,1.049273460744104,1.9847598157439932,35,45,0.6627085714285714,0.5271114285714286,0.9812542857142857,0.8736057142857143,0.9406057142857143,0.53348
5667148,cnf,0.6111111111111112,0.7575757575757576,0.5277777777777778,0.5151515151515151,3.25,3.696969696969697,0.4879807692307692,0.46785714285714286,0.5074211502782932,0.6956709956709957,0.5390371041475348,1.3292801474417368,27,34,0.2930027777777778,0.31154848484848485,0.906975,0.9389727272727273,0.5408805555555556,0.669869696969697
5667156,bet,0.5714285714285714,0.7777777777777778,0.5142857142857142,0.5,4.485714285714286,3.5555555555555554,0.4895833333333333,0.47619047619047616,0.5165079365079365,0.656128024980484,0.337039331552908,1.4329950003559828,24,36,0.29360285714285717,0.31322222222222224,0.6390428571428571,0.7128888888888889,0.5365142857142857,0.7771916666666667
5667169,bet,0.6176470588235294,0.7222222222222222,0.47058823529411764,0.5,3.911764705882353,3.8333333333333335,0.487012987012987,0.4835164835164835,0.5466712422786547,0.6403508771929824,0.6512057259262475,1.1664290330721863,25,32,0.5243823529529412,0.5453749999888889,1.0435823529411765,0.8846555555583333,0.859708823517647,0.9225444444500001
5667172,cnf,0.5142857142857142,0.6470588235294118,0.5428571428571428,0.47058823529411764,3.914285714285714,4.088235294117647,0.5022727272727273,0.47916666666666663,0.483739837398374,0.5197044334975369,0.05656573115702776,0.7109808356790617,17,28,0.4633685714285714,0.31888823529411764,0.6892771428571429,0.5152823529411764,0.8110285714285714,0.5760735294117647
5667194,cnf,0.5555555555555556,0.59375,0.6666666666666666,0.65625,3.7777777777777777,3.09375,0.4835164835164835,0.49007936507936506,0.6103448275862069,0.394973743435859,0.25252050730877984,0.5214851778667133,21,24,0.6588592592592593,0.625571875,0.8326481481481481,0.90608125,0.43737037037037035,0.49135
5667220,bet,0.4722222222222222,0.78125,0.3888888888888889,0.65625,2.361111111111111,2.3125,0.5166666666666667,0.4730392156862745,0.5405485986881335,0.5535885167464114,-0.1615745574753379,1.6735013151430678,13,36,0.31299444444444446,0.3227,0.7962694444444445,0.820265625,0.5492916666666666,0.51774375
5667254,bet,0.6666666666666666,0.8611111111111112,0.5833333333333334,0.5,3.8055555555555554,4.416666666666667,0.4942307692307692,0.453125,0.5559531554977228,0.754726368159204,0.9866455287863886,2.0183932887297935,27,43,0.6355138889,0.47570555558055555,0.5943277777722222,0.6096388889194444,0.7602055555638889,0.7636361111083333
5667263,cnf,0.5555555555555556,0.8,0.5555555555555556,0.5142857142857142,3.2222222222222223,3.4571428571428573,0.5,0.453125,0.49999999999999994,0.6156169111302847,0.2879288172977009,1.6274464401719164,20,40,0.48808055554722224,0.47093999999714287,0.9134833333361111,1.1090200000028572,0.8778916666805555,1.19273142856
5667264,bet,0.5,0.6111111111111112,0.3888888888888889,0.5277777777777778,2.8055555555555554,3.5833333333333335,0.5,0.4879807692307692,0.5035693039857227,0.6731601731601732,1e-4,0.6324407822622812,18,27,0.703,0.6022333333333334,1.1214222222222223,0.9132527777777778,0.9187694444444444,0.9011861111111111
5667275,bet,0.6,0.7777777777777778,0.4857142857142857,0.5,3.6857142857142855,4.25,0.4851190476190476,0.4835164835164835,0.5722114764667956,0.6436377829820453,0.4852380223841979,1.4543578503698873,26,34,0.3889257143142857,0.4012722222472222,0.7342057142685714,0.6396444444222222,0.6686314285657142,0.8639194444388889
5667281,cnf,0.6666666666666666,0.6388888888888888,0.4444444444444444,0.4722222222222222,3.7777777777777777,3.0555555555555554,0.46923076923076923,0.4851190476190476,0.4271307742355237,0.44180898165717897,1.145193453501211,1.3830085681501756,32,28,0.6319861111138889,0.45986944443055555,1.1250250000055555,0.8369000000138889,0.42574444445,0.3005027777888889
5667298,bet,0.4827586206896552,0.7714285714285715,0.4482758620689655,0.5142857142857142,4.344827586206897,3.4285714285714284,0.5044642857142857,0.47619047619047616,0.525974025974026,0.5516545601291364,-0.19099980495377378,1.4744487989020905,13,35,0.7692931034482758,0.84492,1.0791241379310346,1.0759,1.095603448275862,0.7833628571428571
5667310,bet,0.6111111111111112,0.8285714285714286,0.4166666666666667,0.5428571428571428,3.5555555555555554,2.914285714285714,0.481060606060606,0.4305555555555556,0.608843537414966,0.6400560224089635,0.6324407822622812,1.761069027841406,27,44,0.5098333333333334,0.6841857142857143,0.6601111111111111,0.9112171428571428,0.6692916666666666,0.6680828571428571
5667314,cnf,0.696969696969697,0.75,0.48484848484848486,0.5,4.0606060606060606,4.055555555555555,0.47916666666666663,0.4666666666666667,0.6286274509803922,0.7476050110537951,1.0312204825803053,1.271420442880645,29,37,0.5812484848484849,0.4673805555555556,0.7026575757575757,0.7717472222222223,0.8891030303030303,0.7530416666666667
5667340,cnf,0.6666666666666666,0.6551724137931034,0.5,0.6896551724137931,4.388888888888889,4.793103448275862,0.4732142857142857,0.48660714285714285,0.5689655172413793,0.5260465116279069,1.1011658317351198,0.7429448924095208,15,25,0.45905555555555555,0.4503448275862069,0.6833333333333333,0.8153448275862069,0.31772222222222224,0.36389655172413793
5667350,bet,0.47058823529411764,0.6944444444444444,0.5,0.4722222222222222,3.1470588235294117,3.111111111111111,0.49722222222222223,0.45416666666666666,0.441990771259064,0.5915824915824915,-0.15299764126982585,0.983491625582944,17,36,0.5419205882352941,0.47394444444444445,0.7825941176470588,0.807225,0.31075882352941175,0.4064305555555556
5667352,cnf,0.5882352941176471,0.6944444444444444,0.5588235294117647,0.6388888888888888,3.6176470588235294,3.9722222222222223,0.4879807692307692,0.4781746031746032,0.4973063973063973,0.6952861952861953,0.4208567884958495,1.1189583810625598,25,36,0.3246147058823529,0.3444222222222222,0.8431705882352941,0.8775472222222223,0.7360441176470588,0.9961333333333333
5667359,bet,0.5833333333333334,0.8571428571428571,0.4722222222222222,0.4857142857142857,2.888888888888889,3.8857142857142857,0.4851190476190476,0.46785714285714286,0.6580547112462007,0.7379487179487181,0.42261009042648223,1.9847598157439927,26,39,0.39475,0.3541714285714286,1.0324444444444445,0.7277714285714286,0.9583888888888888,0.9399428571428571
5667362,bet,0.5833333333333334,0.5882352941176471,0.5,0.5,3.3333333333333335,3.9411764705882355,0.4949494949494949,0.47756410256410253,0.5620060790273556,0.48922558922558923,0.4495033747730388,0.42517533815798636,23,27,0.6065388888888888,0.6604882352941177,0.9182638888888889,0.9176941176470588,1.0233472222222222,1.1273735294117646
5667403,cnf,0.5142857142857142,0.5882352941176471,0.5142857142857142,0.4411764705882353,3.6,3.5,0.4895833333333333,0.481060606060606,0.5337711069418386,0.530976430976431,0.11956680749342818,0.40672425187136363,22,25,0.5369257142942857,0.49573529407058825,1.1568657142914285,0.8406176470764706,0.9371028571257143,0.7164382353088236
5667431,bet,0.5882352941176471,0.7222222222222222,0.5294117647058824,0.5277777777777778,3.9705882352941178,4.305555555555555,0.4835164835164835,0.48214285714285715,0.49057239057239055,0.4691228070175439,0.464061355948157,1.1664290330721863,26,33,0.40932352940588235,0.36043055555277775,0.7781323529470588,0.6009249999861112,0.7182764705941176,0.3785416666527778
5667456,bet,0.6111111111111112,0.5833333333333334,0.5277777777777778,0.4444444444444444,3.7777777777777777,4,0.4930555555555555,0.46923076923076923,0.4579468150896723,0.6775075987841945,0.5390371041475348,0.4067242518713635,25,29,0.3559,0.5532055555555555,1.048525,0.9380222222222222,0.7732805555555555,0.6670194444444445
5667457,bet,0.6470588235294118,0.5,0.47058823529411764,0.5294117647058824,3.911764705882353,3.5,0.43333333333333335,0.5,0.504222378606615,0.4276791584483892,0.8748965138288345,-0.10429458815438897,34,17,0.4143558823529412,0.5123735294117647,0.9757235294117647,0.8113764705882353,0.539235294117647,0.8026411764705882
5667480,cnf,0.5454545454545454,0.6470588235294118,0.7272727272727273,0.6470588235294118,3.909090909090909,3.4705882352941178,0.49702380952380953,0.4928571428571428,0.4191637630662021,0.4662209711470795,0.13736533792243544,0.7109808356790617,20,26,0.5351484848484849,0.5912029411764705,0.5447818181818181,0.70665,1.0211727272727273,0.8425676470588235
5667513,cnf,0.6111111111111112,0.7058823529411765,0.6388888888888888,0.38235294117647056,4.25,4.352941176470588,0.4878472222222222,0.47500000000000003,0.40847247990105134,0.40339622641509426,0.7122341291911962,1.3517022399306613,29,29,0.5599638888888889,0.7426705882352941,0.7935583333333334,0.7879529411764706,1.1176194444444445,1.2753441176470588
5667520,bet,0.7352941176470589,0.8285714285714286,0.5588235294117647,0.5428571428571428,2.8823529411764706,3.5142857142857142,0.4879807692307692,0.4522058823529412,0.5205533596837946,0.6605975723622781,1.1829778093054384,1.7934481312586414,30,42,0.6878529411764706,0.6899742857142857,1.2849058823529411,0.9849085714285715,1.1852941176470588,1.0019028571428572
5667549,cnf,0.5555555555555556,0.8055555555555556,0.4722222222222222,0.5555555555555556,3.1944444444444446,3.25,0.4914772727272727,0.4513888888888889,0.43993993993993985,0.6570593149540518,0.2669941254049526,1.8189118307775272,23,43,0.3629888889,0.3746333333361111,0.5106388888972222,0.49006388887222224,0.61859166665,0.5382249999972222
5667551,bet,0.5,0.5757575757575758,0.47058823529411764,0.3333333333333333,3.6176470588235294,4.0606060606060606,0.49375,0.4652777777777778,0.4815910585141354,0.5930232558139534,0.032312785060714444,0.38816701069403936,19,24,0.36454411764705885,0.5476242424242425,0.9596176470588236,1.0354484848484848,0.3900264705882353,0.5688575757575758
5667560,cnf,0.7142857142857143,0.6944444444444444,0.4857142857142857,0.5,4.085714285714285,4.361111111111111,0.4914772727272727,0.4895833333333333,0.516,0.6777777777777778,1.128628245579125,0.96164719457401715,28,29,0.6492742857371429,0.6244999999916666,0.9824942857028571,1.0709694444555555,0.49403714286285716,0.8467027778083334
5667561,bet,0.5833333333333334,0.7352941176470589,0.5277777777777778,0.6176470588235294,4.694444444444445,4.911764705882353,0.48214285714285715,0.4730392156862745,0.5316109422492401,0.5173913043478261,0.49271065579587014,1.1829778093054384,28,36,0.7107305555555555,0.48620588235588236,0.784697222225,0.5986794117441177,0.4557277777638889,0.5381588235352941
5667562,cnf,0.5277777777777778,0.5833333333333334,0.5,0.5,2.9444444444444446,3.5555555555555554,0.5,0.4895833333333333,0.47972570065593323,0.4878419452887538,0.13973012646641103,0.42261009042648234,19,25,0.37491666665555556,0.3281138889,1.0240749999972223,0.8481249999944445,0.7607055555416666,0.579750000025
5667573,bet,0.6944444444444444,0.9142857142857143,0.5277777777777778,0.5428571428571428,3.6944444444444446,4.371428571428571,0.48214285714285715,0.4305555555555556,0.438047138047138,0.6791831357048749,1.1189583810625598,2.501952508163198,32,47,0.3035888889,0.3284828571457143,0.7216305555583333,0.7360657142885715,0.7046222222055556,0.6541999999971428
5667582,cnf,0.5806451612903226,0.8055555555555556,0.5806451612903226,0.5277777777777778,3.935483870967742,3.388888888888889,0.5,0.475,0.4464988198269079,0.6286549707602339,0.552138238237087,1.615932407845225,18,38,0.5172774193612903,0.38553055555,1.2965612903193549,1.1419138888916667,1.0277322580612902,0.933338888886111
5667615,cnf,0.6111111111111112,0.7222222222222222,0.5277777777777778,0.5833333333333334,3.8055555555555554,4.333333333333333,0.4977272727272727,0.49007936507936506,0.495052566481138,0.6810526315789474,0.6324407822622812,1.123221752049355,23,31,0.3334083333333333,0.6228472222222222,0.664425,0.7287527777777778,0.45019444444444445,0.7697194444444444
5667624,bet,0.6666666666666666,0.8611111111111112,0.5,0.5,4,4.222222222222222,0.47619047619047616,0.43137254901960786,0.6457384515289525,0.7985074626865671,0.8994349076672338,2.492854453555482,32,45,0.551375,0.41978333333333334,0.7784722222222222,0.8218694444444444,0.882375,0.5607194444444444
5667633,cnf,0.5833333333333334,0.75,0.5,0.5,3.3333333333333335,3.6944444444444446,0.4895833333333333,0.4666666666666667,0.5583586626139818,0.5810611643330876,1.0384966031855956,1.9379315108528292,25,37,0.3507416666777778,0.408677777775,0.6089333333583333,0.6826944444388889,0.7216333333305556,0.5793138889027778
5667641,bet,0.53125,0.7878787878787878,0.5625,0.5454545454545454,4.09375,4.151515151515151,0.5164835164835164,0.4666666666666667,0.5366300366300366,0.64404432132964,0.1918878707001902,2.0999383545813544,11,36,0.46242812499999997,0.5258666666666667,0.86234375,1.0323878787878789,1.1069625,1.2775969696969696
5667658,bet,0.5862068965517241,0.5428571428571428,0.5172413793103449,0.5428571428571428,3.6551724137931036,3.5142857142857142,0.5034722222222222,0.4977272727272727,0.4434129089301503,0.5590823381521056,0.4050961141168931,0.1994325248631228,16,20,1.1781896551724138,0.9890457142857143,0.9677206896551724,0.8813285714285715,1.4699448275862068,1.07584
5667670,cnf,0.7428571428571429,0.5142857142857142,0.45714285714285713,0.42857142857142855,4.428571428571429,4.285714285714286,0.46923076923076923,0.4892857142857143,0.530511060259344,0.6200750469043153,1.352319033481712,0.06262793195771565,34,21,0.46194857142857143,0.5832771428571428,0.8811114285714285,0.8931285714285714,0.7780028571428571,0.8626228571428571
5667685,bet,0.5833333333333334,0.7777777777777778,0.5555555555555556,0.5555555555555556,3.388888888888889,3.7777777777777777,0.5133928571428572,0.4739583333333333,0.4951367781155015,0.5374707259953162,0.42261009042648223,1.5256826329339233,15,38,0.46991666666666665,0.45911111111111114,0.73125,0.6839722222222222,0.26213888888888887,0.2741388888888889
5667686,cnf,0.6,0.6111111111111112,0.5142857142857142,0.5277777777777778,3.6857142857142855,3.6666666666666665,0.4895833333333333,0.4879807692307692,0.4819471308833011,0.3614718614718615,0.543944489827703,1.2214340106748378,25,27,0.5280085714285714,0.45011666666666666,0.8544514285714285,0.8176861111111111,0.6170457142857143,0.607325
5667687,cnf,0.6666666666666666,0.5142857142857142,0.5,0.7428571428571429,4.611111111111111,4.4,0.4835164835164835,0.5,0.5026024723487313,0.5012507817385866,0.8219170681076061,0.0512338340318329,30,18,0.5655555555555556,0.4981257142857143,0.7583944444444445,0.6680342857142857,0.7973,0.9927857142857143
5667695,bet,0.4722222222222222,0.8235294117647058,0.5,0.5294117647058824,2.5277777777777777,3.2941176470588234,0.4949494949494949,0.453125,0.5799045915324985,0.6388621022179364,-0.18293740748924237,1.7598146582728411,19,40,0.4221361111111111,0.45006176470588233,0.9393083333333333,0.9857323529411764,0.6359444444444444,0.8883411764705882
5667715,bet,0.6388888888888888,0.8333333333333334,0.5,0.5,3.111111111111111,3.2777777777777777,0.4835164835164835,0.43137254901960786,0.5493358633776091,0.6972850678733031,0.7164975001779914,1.8354558812405513,29,44,0.39582222222222224,0.4056777777777778,0.6190472222222222,0.7741277777777777,0.37301388888888887,0.47906666666666664
5667726,cnf,0.5151515151515151,0.7272727272727273,0.3333333333333333,0.12121212121212122,3.8181818181818183,4.242424242424242,0.5347222222222222,0.3,0.554054054054054,0.7034454470877769,0.040842031841791915,1.2333120178025982,12,28,0.7250848484909092,0.6567969696909091,1.0119666666727272,1.014124242421212,1.0460727272818182,0.8465333333272728
5667753,cnf,0.4117647058823529,0.6060606060606061,0.4411764705882353,0.5454545454545454,4.588235294117647,4.606060606060606,0.5107142857142857,0.4895833333333333,0.42592592592592593,0.5172043010752688,-0.5768368489674027,0.6936409801244404,11,24,0.4588705882352941,0.55313333336969694,0.68886764705,0.8076363636484848,0.40926176472058823,0.7752878787818182
5667757,bet,0.75,0.9444444444444444,0.5,0.5277777777777778,4.111111111111111,4.888888888888889,0.4835164835164835,0.2625,0.7033898305084745,0.773972602739726,1.3859525064675124,2.824375157812327,33,53,0.42925,0.3045,0.9605833333333333,0.7630277777777777,0.3615,0.4202222222222222
5667787,bet,0.5714285714285714,0.7222222222222222,0.5142857142857142,0.5,4.171428571428572,4.416666666666667,0.47619047619047616,0.4835164835164835,0.5038095238095238,0.6473684210526315,0.33667904572340823,1.251271233338731,28,32,0.4499057142857143,0.44185277777777776,1.064277142857143,0.7986027777777778,0.7454514285714285,0.43396388888888887
5667802,cnf,0.5833333333333334,0.7222222222222222,0.5277777777777778,0.5,3.111111111111111,3.5833333333333335,0.4930555555555555,0.4949494949494949,0.4465045592705167,0.6108771929824561,0.42261009042648223,1.123221752049355,24,28,0.3859444444444444,0.4576111111111111,0.6636666666666666,0.9298055555555556,0.33175,0.4505277777777778
5667827,cnf,0.6666666666666666,0.9166666666666666,0.4722222222222222,0.5,3.8055555555555554,3.7777777777777777,0.49722222222222223,0.3888888888888889,0.455757970071568,0.6382842509603073,1.145193453501211,2.5311459599687236,25,49,0.3199916666666667,0.3418055555555556,0.72205,0.6234333333333334,0.765825,0.7826444444444445
5667828,bet,0.5428571428571428,0.6388888888888888,0.4857142857142857,0.5277777777777778,3.1714285714285713,3.1666666666666665,0.5027777777777778,0.4930555555555555,0.4434318038969201,0.7011385199240987,0.22317756556335983,0.6737183772763161,18,26,0.38100285714285714,0.3815027777777778,0.8844171428571429,0.8359416666666667,0.6210314285714286,0.547075
5667846,cnf,0.5,0.6857142857142857,0.75,0.6571428571428571,3.8055555555555554,3.3714285714285714,0.4988095238095238,0.4781746031746032,0.4512195121951219,0.4217330538085255,1e-4,1.0853249080767586,19,35,0.35030555555277776,0.3736000000057143,0.895077777775,0.8838828571485714,0.555308333325,0.8019828571400001
5667861,cnf,0.5555555555555556,0.6111111111111112,0.5833333333333334,0.4722222222222222,4.111111111111111,4.25,0.5018939393939394,0.4914772727272727,0.44954954954954957,0.58286951144094,0.3097732483066278,0.5549229427026535,19,25,0.47230833333055555,0.38941388888055556,0.8929500000027778,0.8554444444416667,0.3225361111055556,0.34459444445277776
5667916,cnf,0.6388888888888888,0.7428571428571429,0.5277777777777778,0.4857142857142857,3.75,3.6857142857142855,0.475,0.45416666666666666,0.60752688172043,0.6189931350114416,1.0054633270348,1.2683583720455358,32,37,0.5403055555555556,0.4070857142857143,0.6459444444444444,0.6337714285714285,0.8985277777777778,0.7728
5667926,bet,0.5277777777777778,0.5833333333333334,0.5,0.5,2.75,2.888888888888889,0.5050505050505051,0.4895833333333333,0.5453190220632081,0.5729483282674772,0.21952347339532607,0.42261009042648234,17,25,0.5525333333416667,0.5199277777694444,1.2903555555555555,1.0743500000027777,0.783877777775,0.6684444444527777
5667937,cnf,0.6111111111111112,0.75,0.5,0.4444444444444444,2.5555555555555554,2.8055555555555554,0.4895833333333333,0.487012987012987,0.4319727891156463,0.6503316138540899,0.5339882508099052,1.3061591595385973,26,31,0.334775,0.3397611111111111,0.7477472222222222,0.7016666666666667,0.4533388888888889,0.6784833333333333
5667989,bet,0.4444444444444444,0.7222222222222222,0.5,0.4722222222222222,2.611111111111111,2.75,0.5164835164835164,0.46785714285714286,0.42072072072072075,0.5294736842105263,-0.2879288172977009,1.4121875789061635,10,35,0.43801388888888887,0.4710111111111111,0.7602722222222222,0.9224611111111111,0.48941666666666667,0.6474777777777778
5668000,cnf,0.5588235294117647,0.6944444444444444,0.5,0.4444444444444444,3.1470588235294117,3.5,0.4851190476190476,0.46923076923076923,0.5318936877076411,0.5592592592592592,0.318999332356551,1.2798747266299921,24,33,0.48331176470588233,0.5170222222222223,1.265020588235294,0.8097333333333333,0.7902,0.6575277777777778
5668071,bet,0.6060606060606061,0.5588235294117647,0.6363636363636364,0.6764705882352942,3.5454545454545454,3.411764705882353,0.49007936507936506,0.4983974358974359,0.47419354838709676,0.5066445182724252,0.5623272097085052,0.6352047397526699,25,20,0.4431909090909091,0.6133088235294117,0.5977878787878788,0.6247705882352941,0.6013848484848485,0.6253205882352941
5668162,bet,0.6857142857142857,0.8787878787878788,0.4857142857142857,0.5454545454545454,3.6857142857142855,4.545454545454546,0.49722222222222223,0.3888888888888889,0.5111809923130678,0.7368742368742369,0.9939469724503435,2.2133363601048335,25,45,0.35120285714285715,0.2804090909090909,0.7779542857142857,0.5323212121212121,0.5518771428571428,0.3937969696969697
5668177,cnf,0.4,0.6388888888888888,0.7428571428571429,0.8333333333333334,3.342857142857143,3.9444444444444446,0.5080213903743315,0.48636363636363633,0.5541586073500967,0.57337128399747,-0.4852380223841979,0.7671220553910625,8,35,0.5115685714285714,0.5424027777777778,0.4731,0.5323916666666667,0.5754171428571428,0.45321666666666666
5668256,cnf,0.5,0.5161290322580645,0.5588235294117647,0.5483870967741935,4.147058823529412,4.419354838709677,0.4879807692307692,0.4851190476190476,0.44740302432610124,0.5262548262548263,1e-4,0.08921499960294885,22,21,0.47388823529411767,0.3606343548387097,1.1109369117647059,0.7855233870967742,0.5989069117647059,0.3927251612903226
5668278,bet,0.4444444444444444,0.6111111111111112,0.5,0.4444444444444444,2.8333333333333335,2.9166666666666665,0.5,0.487012987012987,0.5312312312312313,0.7127396413110699,-0.3097732483066278,0.7122341291911962,16,26,0.34807777777777776,0.3365166666666667,0.7114472222222222,0.621875,0.5105472222222223,0.3856027777777778
5668292,bet,0.5555555555555556,0.6666666666666666,0.5277777777777778,0.4722222222222222,2.8333333333333335,2.8333333333333335,0.4930555555555555,0.47756410256410253,0.5876876876876878,0.526024723487313,0.34451196496458025,0.9866455287863886,23,31,0.5721555555555555,0.6148249999972222,1.0193083333166666,0.9668944444277778,0.6202277777888888,0.7580916666944445
5668299,cnf,0.6388888888888888,0.8611111111111112,0.5555555555555556,0.5277777777777778,4.166666666666667,4.083333333333333,0.48660714285714285,0.4305555555555556,0.5202403542061986,0.5875621890547263,0.7671220553910625,2.0183932887297935,29,46,0.452049999975,0.42995277775833335,0.53271944445,0.5689916666694445,0.4167249999916667,0.33318611110555557
5668317,bet,0.4722222222222222,0.6666666666666666,0.5277777777777778,0.5555555555555556,4.555555555555555,4.083333333333333,0.5069444444444445,0.48660714285714285,0.44991055456171736,0.7459336369551073,-0.2932291978436037,0.8994349076672338,14,30,0.4016388888888889,0.4245,0.7783333333333333,0.9431666666666667,0.6208611111111111,0.4504722222222222
5668323,cnf,0.6666666666666666,0.7222222222222222,0.4722222222222222,0.5,2.9444444444444446,2.9444444444444446,0.47756410256410253,0.4666666666666667,0.5858815875081327,0.4831578947368421,1.145193453501211,1.1664290330721863,31,36,0.44077222222222223,0.34628055555555554,0.7283222222222222,0.6174055555555555,0.8059527777777777,0.6373666666666666
5668336,cnf,0.6666666666666666,0.6111111111111112,0.5833333333333334,0.4722222222222222,2.111111111111111,2.8055555555555554,0.49007936507936506,0.45416666666666666,0.477878985035784,0.6175015460729747,0.8134485037427271,0.5841846479018202,29,33,0.39355555555555555,0.5401666666666667,0.6929166666666666,0.7949166666666667,0.3932222222222222,0.5797222222222222
5668339,bet,0.5833333333333334,0.8055555555555556,0.5277777777777778,0.4722222222222222,4.166666666666667,4.277777777777778,0.48214285714285715,0.47756410256410253,0.5875379939209726,0.7589807852965749,0.4067242518713635,1.615932407845225,28,36,0.49266944444444444,0.5233888888916667,1.0088722222194444,0.8092500000055556,0.8422777777805556,0.5537638889
5668666,cnf,0.45714285714285713,0.7272727272727273,0.5714285714285714,0.5454545454545454,2.914285714285714,2.5757575757575757,0.5,0.4835164835164835,0.46983029541169075,0.5574241181296145,-0.2677654983247181,1.1323416812085767,16,30,0.5565142857142857,0.5988484848484849,0.9071142857142858,0.9353636363636364,0.7877142857142857,1.0333333333333334
5668697,cnf,0.6470588235294118,0.71875,0.47058823529411764,0.46875,3.4705882352941178,3.75,0.47916666666666663,0.4708333333333333,0.6491907107670654,0.571611253196931,0.8748965138288345,1.086756148644685,28,30,0.7356764705882353,0.64559375,0.7843529411764706,0.79090625,1.4226470588235294,1.11
5668842,bet,0.6388888888888888,0.8888888888888888,0.4722222222222222,0.4722222222222222,3.0277777777777777,2.7777777777777777,0.4914772727272727,0.4322916666666667,0.579696394686907,0.6516164994425864,0.7671220553910625,2.65442901103082,26,45,0.3742833333277778,0.35620000000833335,0.8891694444527778,0.7505833333555556,0.5149472222166667,0.4170361111388889
5668894,cnf,0.7647058823529411,0.75,0.6176470588235294,0.6388888888888888,4.147058823529412,4.416666666666667,0.4799107142857143,0.4834558823529412,0.5618212197159566,0.5368459837877672,1.4408153259162904,1.544500431182335,35,36,0.3422058823529412,0.3701111111111111,0.43941176470588234,0.43219444444444444,0.45523529411764707,0.4646111111111111
5669047,bet,0.6176470588235294,0.6285714285714286,0.5294117647058824,0.5142857142857142,2.764705882352941,3.2,0.4895833333333333,0.5,0.42175703500343165,0.6040157998683344,0.6512057259262475,0.6246078630211092,25,22,0.3225470588235294,0.33156857142857143,0.6568411764705883,0.7758428571428572,0.6836941176470588,1.1076742857142858
5669095,cnf,0.6176470588235294,0.8181818181818182,0.4411764705882353,0.45454545454545453,3.7941176470588234,3.484848484848485,0.4892857142857143,0.4567307692307692,0.624914207275223,0.5558325024925225,0.7298344902372286,1.7236211481600527,24,36,0.8632617647,0.5878393939424242,0.9518441176441177,0.9215151515121213,1.1475617647147058,0.8621121212060606
5669174,cnf,0.5277777777777778,0.8055555555555556,0.5,0.5,3.111111111111111,3.2222222222222223,0.5050505050505051,0.4666666666666667,0.5453190220632081,0.5217209690893901,0.1481986908312899,1.615932407845225,17,39,0.4109027777777778,0.4211916666666667,0.8185027777777778,0.8455166666666667,0.417,0.6471916666666666
5669345,cnf,0.4722222222222222,0.6571428571428571,0.5277777777777778,0.42857142857142855,4.361111111111111,4.628571428571429,0.4977272727272727,0.43452380952380953,0.5405485986881335,0.4418526031102096,-0.1481986908312899,0.786182420496447,18,34,0.4327888888888889,0.4151228571428571,0.8949722222222222,1.0825971428571428,0.4931027777777778,0.40280571428571427
5669405,bet,0.5277777777777778,0.75,0.5,0.5,3.4722222222222223,3.888888888888889,0.4949494949494949,0.47619047619047616,0.6156827668455576,0.5206337509211497,0.13231285227617118,1.3061591595385973,21,35,0.35529166668333334,0.38438055556666667,0.7096361111055556,0.6562833333333333,1.1196694444416666,0.9528500000083333
5669469,bet,0.5277777777777778,0.5428571428571428,0.4722222222222222,0.4857142857142857,3.9722222222222223,3.5428571428571427,0.4914772727272727,0.49722222222222223,0.48091830649970185,0.5314267756128221,0.18293740748924237,0.30671117747151877,22,20,0.4093888888888889,0.5198857142857143,0.5935833333333334,0.628,0.2900277777777778,0.6311428571428571
5669472,cnf,0.696969696969697,0.6571428571428571,0.45454545454545453,0.4,4.393939393939394,3.942857142857143,0.4892857142857143,0.48333333333333334,0.5329411764705881,0.7177146720757268,1.0853249080767593,0.786182420496447,26,27,0.4989787878787879,0.5502742857142857,1.0441030303030303,0.9434628571428572,0.8306818181818182,0.8367342857142858
5669629,bet,0.375,0.6666666666666666,0.65625,0.8611111111111112,3.8125,4.944444444444445,0.5057692307692307,0.48863636363636365,0.5275862068965518,0.5468445022771633,-0.5926925271683188,0.8219170681076061,9,35,0.589871874975,0.6602666666777778,0.75050312499375,0.6788333333083333,0.9526437499531251,0.5590222222694444
5669662,cnf,0.6363636363636364,0.6857142857142857,0.42424242424242425,0.4857142857142857,4.484848484848484,4.142857142857143,0.4920634920634921,0.4851190476190476,0.46625091709464417,0.5363382250174703,0.6380850874448792,0.9939469724503431,23,29,0.33460606060606063,0.4967285714285714,0.5630333333333334,0.6476628571428572,0.3429848484848485,0.6685742857142857
5669685,cnf,0.5833333333333334,0.7142857142857143,0.4722222222222222,0.4857142857142857,3.138888888888889,3.7142857142857144,0.4914772727272727,0.4851190476190476,0.5060790273556232,0.5843636363636363,0.49271065579587014,1.06341100181201,24,30,0.40750555555555557,0.3443542857142857,0.7988138888888888,0.5529828571428571,0.7911861111111111,0.6307371428571429
5669704,bet,0.65625,0.7941176470588235,0.53125,0.5,4.125,4.147058823529412,0.46785714285714286,0.46785714285714286,0.5788022064617809,0.5446030330062444,0.7529021629291939,1.5938129671861154,30,36,0.507675,0.5856441176470588,0.8847875,0.901185294117647,0.928484375,0.7385176470588235
5669789,cnf,0.8,0.8888888888888888,0.45714285714285713,0.5,3.2,3.4166666666666665,0.45535714285714285,0.43137254901960786,0.5500431406384815,0.6360089186176143,1.5781316203521638,2.3116224865733974,38,46,0.4043,0.40539444444444445,0.5948257142857143,0.6075138888888889,0.6358371428571429,0.7332611111111111
5669834,cnf,0.4857142857142857,0.6388888888888888,0.5142857142857142,0.5,3.3714285714285714,3.5277777777777777,0.4949494949494949,0.4895833333333333,0.48373983739837395,0.48734977862112583,-0.05656573115702776,0.7671220553910626,19,27,0.47631714283142856,0.41483888887777776,1.2971228571457143,1.1497138888833334,0.7554600000114285,0.6052749999916667
5669993,bet,0.5625,0.6666666666666666,0.625,0.5666666666666667,3.5625,3.466666666666667,0.4958333333333333,0.47756410256410253,0.5325203252032521,0.5515555555555556,0.46091916547669187,0.8207920883323804,20,27,0.54403125015,0.31149333347333336,0.805028125,0.8342999999333334,0.89539062498125,0.76280666678
5670193,cnf,0.6285714285714286,0.6111111111111112,0.4857142857142857,0.5,4.514285714285714,4.027777777777778,0.47756410256410253,0.4835164835164835,0.5355497037524687,0.6286332714904144,0.7634679632230291,0.5549229427026535,29,28,0.30869714285714284,0.390675,0.7522914285714286,0.8695527777777777,0.4015714285714286,0.6458055555555555
5670370,bet,0.7352941176470589,0.7714285714285715,0.5,0.5142857142857142,4.617647058823529,3.9714285714285715,0.46785714285714286,0.453125,0.5727272727272728,0.679176755447942,1.4526790474190938,2.007616431171285,34,39,0.42238823522941177,0.5013571428114286,0.7281735294,0.6514257143542858,0.6619000000529411,1.17152571416
5670593,bet,0.6111111111111112,0.7777777777777778,0.4722222222222222,0.4722222222222222,3.888888888888889,3.6944444444444446,0.49722222222222223,0.46785714285714286,0.549474335188621,0.6342701014832163,0.5339882508099052,1.4329950003559828,23,37,0.4378888888888889,0.7224972222222222,0.84,0.9893972222222223,0.4629638888888889,0.7434388888888889
5670619,bet,0.5555555555555556,0.8095238095238095,0.7037037037037037,0.5714285714285714,4.37037037037037,4.809523809523809,0.4977272727272727,0.4393939393939394,0.5532019704433497,0.539447731755424,0.2575363558638679,2.009260993549273,16,25,0.4699072222222222,0.4131702380952381,0.7217288888888889,0.45458857142857145,0.6038337037037037,0.30337785714285714
5670705,cnf,0.45714285714285713,0.64,0.8,0.52,4.228571428571429,4.8,0.49776785714285715,0.4375,0.5150848522941547,0.5423031727379554,-0.32686267082940423,0.9824553755879024,18,25,0.54974,0.503924,0.9108942857142858,0.923252,0.5745714285714286,0.205404
5670744,cnf,0.5172413793103449,0.8823529411764706,0.5172413793103449,0.5882352941176471,3.8275862068965516,4.0588235294117645,0.5107142857142857,0.4513888888888889,0.5017316017316017,0.5449704142011834,0.04850847026628313,2.232979667238544,12,44,0.29282758620689653,0.5107617647058823,0.8345655172413793,0.9777176470588236,0.88,1.0107882352941178
5670792,cnf,0.75,0.6857142857142857,0.3888888888888889,0.45714285714285713,3.5,3.2285714285714286,0.48333333333333334,0.5,0.5442151805453206,0.45387840670859536,1.271420442880645,0.9939469724503436,31,24,0.7255583333333333,0.6874142857142858,0.9369138888888889,0.8878485714285714,0.7483527777777778,0.4470857142857143
5670804,cnf,0.6,0.5833333333333334,0.5428571428571428,0.5,3.142857142857143,3.361111111111111,0.4879807692307692,0.47619047619047616,0.4716312056737589,0.6130699088145897,0.4774225196528773,0.4067242518713635,26,29,0.3923800000028571,0.3482055555611111,1.2041800000085714,1.0782944444527778,0.9333628571571428,0.7624694444555555
5670832,bet,0.6176470588235294,0.7222222222222222,0.47058823529411764,0.5,2.5294117647058822,2.0833333333333335,0.49375,0.4835164835164835,0.4588194921070693,0.6642105263157894,0.5547113615972025,1.123221752049355,23,32,0.47283235295,0.3407888888611111,1.210585294114706,0.9798777777861111,1.1766470588352942,0.9362888888833334
5670836,cnf,0.6060606060606061,0.7142857142857143,0.6363636363636364,0.7142857142857143,4.090909090909091,3.7714285714285714,0.4942307692307692,0.4819078947368421,0.543010752688172,0.6818181818181818,0.5592192973137345,1.1098633019151585,23,36,0.606075757569697,0.6409457142771429,0.7639333333424243,0.9817914285714285,0.42164545455151514,0.5771600000257143
5670926,bet,0.6857142857142857,0.7777777777777778,0.5142857142857142,0.6666666666666666,4.371428571428571,4.333333333333333,0.453125,0.4708333333333333,0.579664570230608,0.7747853239656519,0.9691198279856894,1.4329950003559828,36,42,0.5463828571428572,0.6041416666666667,0.9552914285714286,0.9490444444444445,0.8449542857142857,0.7819694444444445
5671206,cnf,0.6,0.7222222222222222,0.5428571428571428,0.6388888888888888,3,3.388888888888889,0.4879807692307692,0.4878472222222222,0.5245003223726628,0.5336842105263158,0.4878032701157019,1.251271233338731,26,33,0.5573228571428571,0.5181555555555556,1.1990971428571429,1.055986111111111,0.8495942857142857,1.0848583333333333
5671337,cnf,0.5277777777777778,0.6470588235294118,0.6388888888888888,0.4411764705882353,3.5,3.323529411764706,0.4983974358974359,0.4708333333333333,0.52146690518783545,0.5900774102744546,0.2932291978436037,0.7441746705145373,20,29,0.39021666666666666,0.4358970588235294,0.8647361111111111,0.7972088235294118,0.35189444444444445,0.28364117647058823
5671405,bet,0.5555555555555556,0.6944444444444444,0.5,0.5,3.4444444444444446,2.9166666666666665,0.4895833333333333,0.4835164835164835,0.40390390390390396,0.34511784511784516,0.5127526712389298,1.2798747266299921,24,31,0.6332222222222222,0.8770277777777777,0.5952500000000001,0.8408333333333333,0.6029166666666667,0.7445555555555555
5671407,bet,0.8333333333333334,0.75,0.4722222222222222,0.5,3.9722222222222223,4.138888888888889,0.4322916666666667,0.4666666666666667,0.6230769230769231,0.7873986735445837,1.7988698153344675,1.544500431182335,43,37,0.39413888888888887,0.3760277777777778,0.8707222222222222,0.7196111111111111,0.9531111111111111,0.8431944444444445
5671724,cnf,0.6,0.8333333333333334,0.45714285714285713,0.4722222222222222,2.914285714285714,3.25,0.47916666666666663,0.46785714285714286,0.4239200515796261,0.5705882352941176,0.6104703219532033,1.7988698153344675,27,39,0.68622285716,0.39601944445,0.91689428572,0.6828361111166666,0.8119714285742857,0.48203611110833333
5671731,bet,0.5142857142857142,0.5,0.4857142857142857,0.5833333333333334,2.4857142857142858,2.5,0.4851190476190476,0.5057692307692307,0.5762976860537836,0.5,0.2640357460380782,1e-4,23,15,0.5585971428571429,0.5087555555555555,0.7596428571428572,0.4951888888888889,0.8520857142857142,0.733175
5671857,cnf,0.8,1,0.45714285714285713,0.5277777777777778,2.4857142857142858,2.888888888888889,0.390625,0.2625,0.7088006902502157,0.47922077922077916,1.7897183789720015,3.8758630217056576,42,55,0.6464114285714285,0.7295861111111112,0.9421885714285714,0.8457333333305556,0.6276257142857142,0.8785666666694444
5671932,bet,0.5882352941176471,0.7428571428571429,0.5294117647058824,0.5142857142857142,2.911764705882353,3.4857142857142858,0.5,0.47619047619047616,0.5686868686868687,0.6739130434782609,0.5061437023346416,1.2294126928987352,20,34,0.4913029411764706,0.5901085714285714,0.8170000000000001,0.9599285714285715,0.7712617647058824,0.8689114285714286
5672069,cnf,0.5,0.5714285714285714,0.7058823529411765,0.6285714285714286,3.4705882352941178,3.4571428571428573,0.49702380952380953,0.484375,0.5276134122287968,0.5571428571428572,1e-4,0.342741246524096,19,28,0.6751323529411765,0.5035000000000001,1.0718529411764706,1.2253685714285714,1.1185029411764706,0.7181171428571429
5672278,bet,0.6388888888888888,0.5294117647058824,0.5,0.5,3.861111111111111,3.4705882352941178,0.5,0.49722222222222223,0.6163820366856421,0.5817402768622282,1.0054633270348,0.19085780560754234,23,19,0.3847555555416667,0.4062852941205882,0.5984305555472222,0.6970441176529412,0.49047499999166666,0.4712382353058824
5672293,bet,0.4,0.6857142857142857,0.5142857142857142,0.45714285714285713,3,3.2857142857142856,0.5164835164835164,0.487012987012987,0.46647324306898774,0.5321453529000699,-0.4852380223841979,1.2017591846582387,8,28,0.3833657142857143,0.49861428571428573,0.8370657142857143,0.9278457142857143,0.5124485714285715,0.6459742857142857
5672500,cnf,0.5428571428571428,0.7714285714285715,0.42857142857142855,0.4,2.5428571428571427,3.1714285714285713,0.481060606060606,0.4727272727272727,0.4547454431175361,0.6904761904761905,0.2231775655633594,2.007616431171284,24,33,0.4286285714285714,0.4080285714285714,0.49980285714285716,0.4741828571428572,0.6623628571428571,0.5368428571428572
5672785,bet,0.4857142857142857,0.8235294117647058,0.6857142857142857,0.7352941176470589,3.2285714285714286,4.117647058823529,0.49702380952380953,0.47023809523809523,0.6275797373358349,0.6311475409836066,-0.0420077499819097,2.237238421318496,19,43,0.2917314285714286,0.38426764705882355,0.7065914285714285,0.6997323529411764,0.6284771428571428,0.6578941176470589
5672848,bet,0.5555555555555556,0.6176470588235294,0.5,0.5588235294117647,4.75,4.529411764705882,0.5,0.48214285714285715,0.49399399399399396,0.6551132463967055,0.40246088088456844,0.5659188120874554,20,28,0.33836666666666665,0.2806941176470588,0.8441805555555556,1.0049088235294117,0.8486277777777778,0.5736911764705882
5672898,cnf,0.4375,0.64,0.53125,0.28,2.625,2.92,0.5148809523809524,0.5125000000000001,0.47043606799704363,0.5705052878965923,-0.30986482128665604,0.7267948339444524,9,15,1.124503125,1.239588,1.1124749999999999,1.024296,0.7620781249999999,1.034012
5673072,bet,0.5714285714285714,0.7222222222222222,0.4857142857142857,0.5,3.0285714285714285,4.111111111111111,0.45416666666666666,0.4895833333333333,0.4606349206349206,0.6094736842105263,0.33667904572340823,1.1664290330721863,31,30,0.5943228571257143,0.5459305555972223,0.89978857144,0.6433277777833334,0.9796142857228571,0.6970916666777778
5673245,bet,0.4482758620689655,0.5277777777777778,0.5862068965517241,0.5,3.2758620689655173,3.6666666666666665,0.5085227272727273,0.5,0.46687009590235395,0.562015503875969,-0.3256632255599192,0.13973012646641103,10,19,0.4372137931137931,0.4122916666722222,0.40345862071034483,0.43498611111388885,0.19066896550344828,0.32486944441666665
5673345,cnf,0.5277777777777778,0.5142857142857142,0.4444444444444444,0.5142857142857142,3.7222222222222223,3.1714285714285713,0.50625,0.5,0.44991055456171736,0.607567229518449,0.14819869083129006,0.11956680749342818,17,18,0.5014555555555555,0.5618685714257142,0.7384722222305555,0.6402885714342857,0.5038611111166666,0.5204285714342857
5673387,cnf,0.5882352941176471,0.6,0.5294117647058824,0.5142857142857142,3.8823529411764706,3.4285714285714284,0.4949494949494949,0.4835164835164835,0.491919191919192,0.7372662798194713,0.5061437023346416,0.4774225196528774,22,27,0.5413382353058823,0.5368857142942857,0.8210558823588235,0.8070228571514285,0.5839058823588236,0.44027428571714283
5673423,bet,0.4444444444444444,0.6571428571428571,0.4444444444444444,0.5714285714285714,3.638888888888889,3.857142857142857,0.50625,0.49145299145299143,0.38228228228228234,0.524340770791075,-0.40246088088456844,0.7653513369505782,14,27,0.6705138888888889,0.5301057142857143,1.0537277777777778,0.9256171428571428,0.7993055555555556,0.5073742857142857
5673508,cnf,0.5833333333333334,0.5833333333333334,0.5277777777777778,0.5277777777777778,3.111111111111111,3.75,0.4879807692307692,0.4930555555555555,0.448936170212766,0.49027355623100305,0.3993069776811238,0.4495033747730388,26,24,0.3370611111111111,0.3347555555555556,0.7828722222222222,0.6855916666666667,0.6572277777777777,0.881363888888889
5673628,bet,0.5,0.8,0.7058823529411765,0.6285714285714286,4.294117647058823,4.057142857142857,0.5,0.4631578947368421,0.5999342537804077,0.6518550474547022,-0.07398127492953666,1.5781316203521638,17,42,0.5482323529382352,0.42960000000285714,0.7397941176441176,0.7064628571542857,0.9298352941294118,0.81414285714
5673630,cnf,0.5833333333333334,0.5555555555555556,0.75,0.8611111111111112,4.027777777777778,3.75,0.49387254901960786,0.5009191176470588,0.6544072948328268,0.5804804804804804,0.5640354383599063,0.3097732483066278,26,19,0.45474722222222225,0.4816111111111111,0.6631222222222222,0.6518638888888889,0.8952222222222223,0.7973416666666667
5673696,bet,0.5294117647058824,0.5,0.4411764705882353,0.5555555555555556,4.235294117647059,4.416666666666667,0.4965277777777778,0.5041666666666667,0.48154251812788396,0.5309339678762641,0.13936984063691132,1e-4,19,16,0.3153205882411765,0.6107777777805555,0.6245705882352941,0.7282944444416667,0.6082294117764706,0.507925000025
5673703,cnf,0.45161290322580644,0.9090909090909091,0.8709677419354839,0.6363636363636364,4.193548387096774,3.3636363636363638,0.5036057692307693,0.4506578947368421,0.4083139083139083,0.39650349650349653,-0.22089449773255485,2.4321255250646097,11,45,0.6974516129032258,0.5320303030303031,0.7983870967741935,0.974909090909091,0.28703225806451615,0.38072727272727275
5673943,cnf,0.6470588235294118,0.625,0.47058823529411764,0.5,4.617647058823529,4.8125,0.47916666666666663,0.487012987012987,0.5942997888810697,0.6256704980842913,0.8207920883323804,0.706736840829472,28,24,0.7232970588235295,0.68411875000625,0.8501705882441176,0.87590624999375,0.8895441176441177,0.381453125009375
5674474,bet,0.5,0.95,0.7941176470588235,0.55,4.235294117647059,4.05,0.5036057692307693,0.2708333333333333,0.6301775147928994,0.6328903654485051,1e-4,2.6898896497580664,14,30,0.4595029411735294,0.376465000035,0.7389176470411765,0.51417999997,0.5563176470029412,0.199204999995
5674673,bet,0.6111111111111112,0.75,0.5,0.5,2.4722222222222223,3.2222222222222223,0.4949494949494949,0.47619047619047616,0.6038961038961039,0.5309506263817244,0.5339882508099052,1.271420442880645,24,35,0.42828652777777776,0.43604,0.7923215277777778,0.7237238888916667,0.6975751388888889,0.7442009722166667
5674719,cnf,0.6388888888888888,0.4857142857142857,0.5,0.8,3.388888888888889,3.942857142857143,0.47619047619047616,0.5022321428571428,0.4089184060721062,0.5287679799874923,1.3830085681501756,-0.0512338340318329,31,15,0.540525,0.6311628571428571,0.5229694444444445,0.7154885714285715,0.9664055555555555,1.03424
5675554,bet,0.6111111111111112,0.6388888888888888,0.5277777777777778,0.5,3.611111111111111,3.6944444444444446,0.475,0.4895833333333333,0.5618429189857761,0.6037318153067679,0.6324407822622812,0.6737183772763161,31,27,0.412475,0.5879611111111112,0.694225,0.828175,0.7631666666666667,0.664825
5675992,cnf,0.5294117647058824,0.45454545454545453,0.5,0.6666666666666666,3.3823529411764706,3.5454545454545454,0.5027777777777778,0.5,0.4367172050098879,0.49721254355400696,0.14074347392946904,-0.20750330811369186,17,15,0.8928235294117647,0.9384848484848485,0.5070294117647058,1.0228181818181818,1.4430882352941177,1.6543333333333334
