id,accuracy_0,accuracy_1,cnf_0,cnf_1,pre_auroc2_0,pre_auroc2_1,post_auroc2_0,post_auroc2_1,d1_0,d1_1,score_0,score_1,bet_rt_0,bet_rt_1,ans_rt_0,ans_rt_1,cnf_rt_0,cnf_rt_1
5666628,0.5,0.696969696969697,3.75,3.484848484848485,0.5,0.487689393939394,0.4583581201665675,0.4105882352941176,1e-4,1.118816318282427,18,36,0.43766388888611113,0.5496333333363637,0.35094166666666665,0.3492090909242424,0.4672000000027778,0.41371515150909094
5666658,0.8709677419354839,0.7435897435897436,2.967741935483871,3.4358974358974357,0.5,0.48560606060606065,0.5730117340286832,0.6498412698412699,2.138802985635917,1.2526155970420234,27,48,0.5028193548483871,0.44141025641794873,0.9411516128903226,1.0075230769076924,0.6951483871129033,0.8224846153871795
5666660,0.47058823529411764,0.5263157894736842,3.3823529411764706,3.8421052631578947,0.5,0.4987468671679198,0.5527356624917601,0.6517615176151761,-0.11900701567911373,0.10872754160985565,16,22,0.39996470588235294,0.47535,0.5687441176470588,0.5938842105263158,0.5646382352941176,0.6136789473684211
5666672,0.6129032258064516,0.375,3.161290322580645,3.15,0.5,0.5060096153846154,0.6251002405773857,0.5581818181818182,0.5084880591093566,-0.6264471676899435,19,5,0.468741935483871,0.5227,0.8305483870967741,0.888775,0.5350322580645162,0.5126
5666697,0.5405405405405406,0.6571428571428571,4.243243243243243,4.457142857142857,0.5,0.49118589743589747,0.6413105413105413,0.6325219743069641,0.18676806476492702,0.7754821845143092,20,34,0.33703243244054054,0.3883542857057143,0.704629729727027,0.7090799999942857,0.918437837845946,0.7952171428771428
5666707,0.625,0.7391304347826086,3.125,3.4347826086956523,0.5,0.4879120879120879,0.5745341614906833,0.5340103920642418,0.5905193693636359,1.3186194285959763,15,56,0.32967083333333336,0.3781652173913044,0.6373458333333333,0.5747,0.30180833333333335,0.4140304347826087
5666744,0.5555555555555556,0.4722222222222222,3.138888888888889,3.638888888888889,0.5,0.5013888888888889,0.4039039039039039,0.6550387596899225,0.3452503909633509,-0.1802024349704134,20,15,0.41386666665,0.43566944444166666,0.8990472222305556,0.8008444444472222,1.2718777777749999,1.2373000000027778
5666745,0.7142857142857143,0.6590909090909091,2.392857142857143,2.7954545454545454,0.5,0.49270833333333336,0.5211640211640212,0.4609977324263038,1.3463668120327634,0.8392789469289292,20,43,0.332292857125,0.36513181817045454,0.8057714285642857,0.7152000000022727,0.7870785714107142,0.6044409090863636
5666751,0.5,0.5161290322580645,2.75,2.838709677419355,0.5,0.4990808823529412,0.4202855443188578,0.4876447876447877,0.15073561700327953,-0.34243188417608683,18,17,0.3726861111111111,0.42068064516129033,0.6622833333333333,0.6562322580645161,0.32763055555555554,0.331341935483871
5666755,0.8888888888888888,0.9428571428571428,3.111111111111111,3.2857142857142856,0.5,0.42401960784313725,0.6783723522853957,0.5625978090766823,2.634453734736135,3.0334642061181167,32,64,0.6296555554944444,0.70752,1.0668722222055556,0.9953542858228571,1.1413277778277777,1.1015085715028572
5666756,0.5476190476190477,0.6071428571428571,3.1666666666666665,3.75,0.5,0.4930555555555556,0.54468764249886,0.600664767331434,0.2669941254049526,0.1515763129039317,23,23,0.44303333333333333,0.45875714285714286,0.7533452380952381,0.8935035714285714,0.6486119047619048,0.6693071428571429
5666757,0.717948717948718,0.65625,4.076923076923077,4.625,0.5,0.49053030303030304,0.6214329083181542,0.6465721040189125,1.1948874985301037,1.6491769254788637,28,31,0.3887128204923077,0.424312500003125,0.6854,0.65370312499375,0.9072051282102565,0.728556249990625
5666759,0.5454545454545454,0.65625,4.545454545454546,4.5625,0.5,0.49053030303030304,0.4484320557491289,0.6260835303388494,0.6015133971255453,0.7782635539747642,18,31,0.7190303030363636,0.7556624999875,1.231166666669697,1.132928125003125,1.0107515151424242,0.7762031250125
5666770,0.75,0.7358490566037735,3.75,4.3584905660377355,0.5,0.4895833333333333,0.7546419098143236,0.6234027017159547,1.1632661613107511,1.214056298697541,12,64,0.4229375000125,0.3862188679358491,0.6271937500375,0.651832075464151,0.5091625,0.524820754709434
5666777,0.6774193548387096,0.7297297297297297,3.064516129032258,3.7567567567567566,0.5,0.48620129870129875,0.48638297872340425,0.7237288135593221,0.8704320033285424,1.154241443533994,21,44,0.39103548387096776,0.3966783783783784,1.0902677419354838,0.7725702702702703,0.6893967741935484,0.8081405405405405
5666782,0.6,0.5135135135135135,3.4,3.5135135135135136,0.5,0.4993421052631579,0.5670535138620245,0.4353374929098128,0.631673662059588,-0.011287488427802583,21,20,0.3447742857142857,0.3193081081081081,0.6849,0.609772972972973,0.8119828571428571,0.7734189189189189
5666783,0.5675675675675675,0.59375,2.972972972972973,3.75,0.5,0.49464285714285716,0.6368602645198389,0.4624906226556639,0.283150548634018,0.8095228381941801,21,25,0.4168945945945946,0.389690625,0.7525648648648648,0.642934375,0.5811324324324324,0.50794375
5666796,0.7272727272727273,0.48717948717948717,2.9696969696969697,3.230769230769231,0.5,0.5005952380952381,0.5344544708777687,0.6219638242894057,1.0901187665360978,0.2104974781460479,24,18,0.38609863636363634,0.4132905128205128,0.5711616666666667,0.5554676923076923,0.6345709090909091,0.5976444871794871
5666803,0.6333333333333333,0.6428571428571429,4.1,4.476190476190476,0.5,0.49330357142857145,0.5189491817398795,0.6530266343825666,0.7085043769045564,1.1753844941125324,19,39,0.32728,0.3295642857142857,0.53707,0.6335119047619048,0.5994566666666666,0.6571571428571429
5666818,0.6388888888888888,0.5277777777777778,4.111111111111111,4.194444444444445,0.5,0.4986111111111111,0.5683111954459202,0.5536672629695886,0.6451876804073928,0.3235915176508264,23,21,0.40025555555555553,0.38564444444444446,0.7420111111111111,0.7309111111111112,0.990125,1.0043583333333332
5666839,0.42857142857142855,0.5833333333333334,2.2,2.5555555555555554,0.5,0.49573863636363635,0.5266666666666666,0.4756838905775076,-0.3057750804440408,0.384077269851424,15,27,0.4236,0.4356388888888889,0.7500571428571429,0.7463611111111111,0.5865714285714285,0.6339444444444444
5666841,0.7567567567567568,0.696969696969697,4.162162162162162,4.606060606060606,0.5,0.487689393939394,0.612615823235923,0.6207843137254903,1.2896308547920552,0.813735959023099,28,36,0.3642108108108108,0.3265121212121212,0.8421702702702702,0.8619333333333333,0.4908027027027027,0.41088484848484846
5666847,0.631578947368421,0.6363636363636364,2.1842105263157894,2.4545454545454546,0.5,0.49213286713286714,0.5194396798170383,0.5807043286867205,0.804634445815798,0.6333353554357657,24,30,0.5074315789578947,0.5081848484787879,0.4340842105263158,0.3984151515030303,0.6524973684157894,0.5917515151424242
5666850,0.7222222222222222,0.6944444444444444,3.9166666666666665,3.7777777777777777,0.5,0.4887820512820513,0.4803508771929824,0.539057239057239,1.1664290330721863,1.0317477599434048,26,39,0.5377777777777778,0.6051111111111112,0.8688888888888889,0.9501666666666667,0.5130555555555556,0.5708611111111112
5666863,0.5806451612903226,0.5,3.967741935483871,4.2631578947368425,0.5,0.5,0.5550747442958301,0.6081665765278529,0.6119311482621707,-0.15153681496085847,18,19,0.41666129032258065,0.40945,0.7558612903225806,0.8273263157894737,0.8623903225806452,0.9952605263157894
5666868,0.7027027027027027,0.5757575757575758,3.5405405405405403,3.696969696969697,0.5,0.49583333333333335,0.49610136452241715,0.5521494009866104,0.9737966606617487,0.8277893753747212,26,24,0.38692432432432433,0.4735909090909091,0.8739162162162162,0.7645666666666666,0.9505756756756757,0.9209333333333334
5666869,0.6153846153846154,0.5454545454545454,3.1025641025641026,3.0606060606060606,0.5,0.4975328947368421,0.5679245283018868,0.6811846689895471,0.5422961744635078,0.26993721304555396,24,21,0.3809461538461538,0.2960606060606061,0.8951282051282051,0.8785636363636363,0.5866820512820513,0.6643484848484849
5666874,0.6,0.5675675675675675,4,4.27027027027027,0.5,0.4966577540106952,0.4729206963249517,0.6046578493387004,0.47640917218981926,0.3214312785489638,21,26,0.4896028571457143,0.4679972972837838,0.7091542857342857,0.6387891891756756,0.7584257142828571,0.7628270270243244
5666877,0.6060606060606061,0.6129032258064516,3.4545454545454546,3.2580645161290325,0.5,0.4932692307692308,0.5659498207885305,0.3428227746591821,0.6274729770642642,0.7725700776751053,20,26,0.3075272727272727,0.29724193548387096,0.7847878787878788,0.8017354838709677,0.6793484848484849,0.6299032258064516
5666885,0.7916666666666666,0.7857142857142857,4.541666666666667,5,0.5,0.4751552795031056,0.5744186046511628,0.5768307322929171,1.4867075516959947,1.4509115113440094,19,38,0.5506041666666667,0.44970714285714286,0.5093833333333333,0.5162857142857142,0.2683916666666667,0.22724642857142857
5666887,0.6857142857142857,0.6756756756756757,3.0285714285714285,3.810810810810811,0.5,0.4903846153846154,0.5782669461914746,0.5501567398119122,0.9452385190561257,0.9081071397565349,24,38,0.6008685714285714,0.5874081081081081,0.7788771428571428,0.6826918918918919,0.53826,0.5413756756756757
5666895,0.43333333333333335,0.55,3.2333333333333334,3.25,0.5,0.4977116704805492,0.4966914805624483,0.5258835241413639,-0.34069482708779536,0.24104039388602683,13,26,0.39613333333333334,0.4229,0.9955666666666667,1.001425,0.6915,0.669725
5666910,0.696969696969697,0.8421052631578947,3.272727272727273,3.0526315789473686,0.5,0.47186147186147187,0.4968627450980392,0.5647911338448423,0.9384549531302739,1.859835292327059,23,58,0.3665424242424242,0.45102631578947366,0.7485181818181819,0.8017894736842105,0.7263484848484848,0.7762894736842105
5666917,0.6363636363636364,0.7027027027027027,3.5454545454545454,4.081081081081081,0.5,0.48842592592592593,0.632061628760088,0.6871345029239766,0.8330554166506076,1.382994127100638,21,41,0.3138,0.3021108108108108,0.9874787878787878,0.8500108108108109,0.8615484848484849,0.8335
5666922,0.7241379310344828,0.7441860465116279,3.5517241379310347,4.093023255813954,0.5,0.48674242424242425,0.7634245187436677,0.7393988191089641,1.4173435057809605,1.2743822630175898,21,53,0.6092724137724138,0.5497720930395349,0.7212586207034483,0.5624209302418605,0.5109448275931034,0.5221674418348837
5666926,0.6,0.75,3.7142857142857144,3.9166666666666665,0.5,0.48392857142857143,0.44068343004513216,0.612011790714812,0.5060691059300666,1.9772126029987707,21,45,0.34830285714285714,0.35285833333333333,0.63084,0.5853083333333333,0.45357714285714285,0.4451361111111111
5666927,0.6875,0.6756756756756757,3.28125,3.5135135135135136,0.5,0.4903846153846154,0.583265306122449,0.5313479623824451,0.8450573774362318,0.9925391779698921,22,38,0.535165625,0.506954054054054,0.9321875000000001,0.8473513513513513,0.5560125,0.6385351351351352
5666930,0.9117647058823529,0.7105263157894737,3.823529411764706,3.710526315789474,0.5,0.48809523809523814,0.6004070556309363,0.6192718141870684,2.801336201917615,1.0796484302475489,31,43,0.49811764705882355,0.4953,0.8502558823529411,0.8749921052631578,0.8045088235294118,0.8155552631578947
5666932,0.5161290322580645,0.6341463414634146,4.387096774193548,4.585365853658536,0.5,0.49363425925925924,0.5015444015444016,0.6072681704260652,0.12128023124306092,0.6744897501960817,16,37,0.4647096774193548,0.46382926829268295,0.7142258064516129,0.8189512195121951,0.5898064516129032,0.5520487804878049
5666935,0.5135135135135135,0.5142857142857142,3.891891891891892,3.6,0.5,0.4992690058479532,0.6758366420873511,0.5287679799874921,0.14238170230878688,-0.031144091589711764,19,19,0.43365135135135136,0.4621,0.7044918918918919,0.7621542857142857,0.49822972972972973,0.5904285714285714
5666950,0.5294117647058824,0.6857142857142857,3.588235294117647,3.5714285714285716,0.5,0.4891666666666667,0.5210942649967041,0.6090146750524109,0.29196066181966707,0.9425590082830726,18,37,0.5370558823529412,0.5166714285714286,0.8946411764705883,0.8848171428571429,0.6925235294117648,0.8115828571428572
5666960,0.6,0.45714285714285713,3.5714285714285716,3.8285714285714287,0.5,0.5022058823529412,0.6328175370728563,0.5842237586423633,0.3882894038461454,0.04256860314788069,21,13,0.4547628571371429,0.5031857142657142,1.1052,1.1025571428571428,0.9648971428485714,0.9892714285685714
5666964,0.6486486486486487,0.6857142857142857,3,3.6,0.5,0.4891666666666667,0.5803408399269628,0.6411600279524808,0.6566704159027748,1.0074948483933783,24,37,0.4222405405297297,0.44187428571142856,0.6013540540432433,0.5753971428885715,0.8546891891945946,0.7919971428771428
5666968,0.7428571428571429,0.6944444444444444,4.4,4.222222222222222,0.5,0.4887820512820513,0.6998474446987033,0.565993265993266,1.166095176940992,1.3907520472360324,26,39,0.33067428573714286,0.3154972222388889,0.7225400000314286,0.8400888888972222,0.6007199999914286,0.7402499999944444
5666970,0.6470588235294118,0.631578947368421,3.235294117647059,3.3157894736842106,0.5,0.49333333333333335,0.6379310344827586,0.6029159519725558,0.7654409065940675,0.5579474097555114,22,34,0.5030558823470588,0.47647894737368424,0.7831235294088236,0.7583026315763158,0.7350117647058824,0.6871315789342105
5666975,0.6,0.6451612903225806,4,4.225806451612903,0.5,0.4910714285714286,0.6081081081081081,0.4786008230452675,0.7859532828652632,0.7446300809889639,24,29,0.5839025,0.48606451611612905,0.7986124999900001,0.7971129032387096,1.0581750000125,0.9809677419516128
5666977,0.7352941176470589,0.6578947368421053,4.323529411764706,4.368421052631579,0.5,0.4917582417582418,0.5885375494071147,0.6348973607038122,1.217124538013703,0.8181218043036831,25,37,0.35149411764705885,0.40945,0.5434264705882352,0.48890526315789473,0.6342382352941176,0.6999526315789474
5666981,0.46875,0.5428571428571428,4.40625,4.3428571428571425,0.5,0.49779411764705883,0.5205128205128206,0.5377121307353865,-0.7774069593448918,0.24149393370440397,15,22,0.369749999971875,0.37763714285428573,0.647228125,0.6334228571342857,0.446759374971875,0.4651771428685714
5666987,0.6666666666666666,0.6666666666666666,4.222222222222222,4.078431372549019,0.5,0.4932539682539682,0.5608519269776877,0.5857042500878117,0.7058329673082688,0.8690533592530763,12,51,0.6651666666666667,0.6904117647058824,0.8048888888888889,0.9242745098039216,0.7130555555555556,0.7717058823529411
5667008,0.75,0.7307692307692307,4.5,4.884615384615385,0.5,0.4897435897435897,0.8085714285714286,0.6032547699214366,1.22301203289418,1.4384724661124062,15,62,0.504885,0.4458557692326923,0.76668999999,0.6984192307711539,0.7032700000100001,0.6205423076903847
5667012,0.6129032258064516,0.7027027027027027,2.967741935483871,3.3513513513513513,0.5,0.48842592592592593,0.5529270248596632,0.610461338531514,0.8601589662910416,1.3072186186622845,19,41,0.4330225806451613,0.3988945945945946,0.6388774193548387,0.6547324324324324,0.8449193548387097,0.8209405405405406
5667016,0.7352941176470589,0.7428571428571429,1.6764705882352942,1.8857142857142857,0.5,0.4842592592592592,0.5237154150197628,0.6189931350114416,1.2251138615631985,1.204623675430489,25,43,0.3676764705941176,0.34426857144571427,0.8392882352970589,0.8190457142600001,0.71385,0.6925571428771429
5667021,0.5757575757575758,0.6111111111111112,3.393939393939394,3.5555555555555554,0.5,0.49420289855072463,0.5281888653981677,0.5420531849103277,0.46169373476482684,0.4591066934696606,19,30,0.6695181818181818,0.5842361111111111,1.0015363636363637,1.10435,0.9444030303030303,0.8933472222222222
5667022,0.6285714285714286,0.6388888888888888,3.2,3.3333333333333335,0.5,0.49255952380952384,0.6211323238973009,0.579696394686907,0.689006513419309,0.6872357949788247,22,33,0.5105028571428571,0.5329722222222222,0.92576,0.9696444444444444,1.08054,0.9222305555555556
5667028,0.46875,0.6857142857142857,3.6875,3.5142857142857142,0.5,0.4891666666666667,0.5336996336996337,0.7026554856743537,-0.13201598151481264,0.9104133605421845,15,37,0.35338125,0.39490857142857144,0.968271875,1.0349428571428572,0.65928125,0.7003942857142857
5667034,0.5142857142857142,0.5945945945945946,3.657142857142857,3.6216216216216215,0.5,0.4952445652173913,0.44996873045653535,0.5536443148688047,0.04113131654695351,0.5548416371562396,18,29,0.5559142857142857,0.5750810810810811,0.9748857142857142,1.0062972972972972,0.8837428571428572,0.9208648648648649
5667040,0.6363636363636364,0.52,3.8636363636363638,3.96,0.5,0.49862637362637363,0.5088613203367301,0.5222469410456063,0.6234364110314004,0.5176713998379575,28,14,0.801125,0.653784,0.7576318181818182,0.943672,1.1838818181818183,1.182464
5667049,0.5806451612903226,0.525,3.3225806451612905,3.45,0.5,0.49886363636363634,0.6101494885916601,0.61578426521524,0.3831465686967187,0.14798710972583887,18,23,0.42136451612903225,0.4301675,0.9510580645161291,0.98367,0.629858064516129,0.59536
5667050,0.7575757575757576,0.6153846153846154,2.9393939393939394,3.1025641025641026,0.5,0.494375,0.3251082251082251,0.5959568733153638,1.3292801474417368,0.5747773830191631,25,33,0.3872787878757576,0.37077179487435896,0.5617363636454545,0.5162846153871795,0.4281909090939394,0.4233846154
5667051,0.7380952380952381,0.6666666666666666,3.5952380952380953,3.8,0.5,0.4891774891774892,0.4867330016583748,0.48933333333333334,1.3208683390063094,0.9905078966868343,31,30,0.3425928571404762,0.34433666668333335,0.48861190475714283,0.46076666667,0.5825738095357142,0.5575933333266667
5667057,0.8,0.6285714285714286,2.857142857142857,2.4,0.5,0.49301242236024845,0.6380500431406385,0.6092824226464779,1.8152114679850908,0.8903420562097399,28,31,0.4636371428657143,0.5543571428428571,0.61430285712,0.6024600000085715,1.0437742857257142,0.9755371428657144
5667063,0.6785714285714286,0.42857142857142855,3,3.085714285714286,0.5,0.503720238095238,0.4251769464105157,0.4606349206349206,0.8207920883323804,-0.2599984613527663,19,10,0.42677142858571426,0.35835999999714285,0.5402464285821429,0.5240371428685714,0.3441821428392857,0.31106571429714286
5667065,0.6764705882352942,0.631578947368421,2.8529411764705883,3.0789473684210527,0.5,0.49333333333333335,0.47530864197530864,0.4222412807318468,1.0156399877583036,0.6927082484172555,23,34,0.4042058823529412,0.3604473684210526,0.8679411764705882,0.8993368421052632,0.6744617647058824,0.6724789473684211
5667067,0.8,0.7567567567567568,3.6285714285714286,3.945945945945946,0.5,0.4836206896551724,0.7640207075064711,0.5641482537419814,1.647474330211959,1.2975080826185537,28,47,0.48438,0.4596783783783784,0.8104628571428572,0.7079432432432432,0.4953542857142857,0.5375
5667082,0.5757575757575758,0.5757575757575758,4.484848484848484,4.636363636363637,0.5,0.49583333333333335,0.598661028893587,0.507047216349542,0.5406433388546146,0.32831183913825146,19,24,0.381,0.3543636363636364,0.9191515151515152,0.866,0.2019090909090909,0.22142424242424244
5667088,0.7272727272727273,0.6578947368421053,3.606060606060606,3.9473684210526314,0.5,0.4917582417582418,0.6460213289581624,0.6712609970674487,1.1831460130192912,0.7972974141838196,24,37,0.34065151515151515,0.3480184210526316,0.6843363636363636,0.6846552631578947,0.7533878787878788,0.8341078947368421
5667094,0.8108108108108109,0.7272727272727273,4.027027027027027,4.0606060606060606,0.5,0.485,0.597165991902834,0.5508613617719442,2.2806121818561267,1.1973707937956721,30,39,0.32715945945945946,0.3248,0.6729756756756756,0.7762060606060606,0.7418621621621622,0.6845
5667098,0.6756756756756757,0.6,4.081081081081081,4.142857142857143,0.5,0.4946969696969697,0.5489028213166145,0.6792392005157963,1.2230691526333712,0.5060691059300666,25,28,0.45694054054054056,0.5094571428571428,0.991372972972973,0.9067542857142857,0.7091864864864865,0.7001942857142858
5667108,0.6285714285714286,0.7567567567567568,4.285714285714286,4.351351351351352,0.5,0.4836206896551724,0.5487162606978275,0.6097647897362793,0.5756129834146662,1.459114720151308,22,47,0.44540285714571426,0.48596756757027026,1.2673171428571428,1.233462162164865,0.4835371428571429,0.4811972973081081
5667109,0.7906976744186046,0.7586206896551724,2.302325581395349,2.586206896551724,0.5,0.4796195652173913,0.5857653365098272,0.4914070891514501,1.573310453431325,1.3506849963373775,34,37,0.5564186046511628,0.516896551724138,1.0059302325581396,1.039,0.7323488372093023,0.6912758620689655
5667114,0.4444444444444444,0.4423076923076923,3,3.1153846153846154,0.5,0.5020833333333333,0.5533333333333332,0.47696856520385933,-0.25132269371014815,-0.2822161470625082,8,17,0.4728833333333333,0.5622903846153846,0.34255555555555556,0.43012307692307694,0.36080555555555555,0.40815
5667122,0.6666666666666666,0.59375,3.1538461538461537,3.0625,0.5,0.49464285714285716,0.5747028862478778,0.4549887471867967,0.8266025872351696,0.4472940201915059,26,25,0.3334923076923077,0.405721875,0.896574358974359,0.8081875,0.7699589743589743,0.871253125
5667126,0.5454545454545454,0.6363636363636364,3.0303030303030303,3.242424242424242,0.5,0.49213286713286714,0.5557491289198606,0.43103448275862066,0.2474235367645702,0.6622327983384461,18,30,0.5142212121212121,0.5550242424242424,0.8349272727272727,0.8682969696969697,0.6105878787878788,0.6967878787878787
5667127,0.6857142857142857,0.6388888888888888,3.857142857142857,3.75,0.5,0.49255952380952384,0.5838574423480084,0.7188488298545224,0.9475435815965654,0.6857301060420132,24,33,0.41726,0.39216388888888887,0.7539257142857143,0.7866277777777778,0.5978600000000001,0.5320555555555555
5667144,0.7727272727272727,0.7708333333333334,3.0454545454545454,3.25,0.5,0.48574561403508776,0.517094017094017,0.5262541022034694,1.3422128942811533,1.602264023946113,17,63,0.5944818181818182,0.59510625,0.9656090909090909,0.90993125,0.6887454545454545,0.7591791666666666
5667148,0.6666666666666666,0.6944444444444444,3.3333333333333335,3.5833333333333335,0.5,0.4887820512820513,0.5287226001511717,0.6737373737373737,0.8089743171930889,1.0618324822184073,22,39,0.282130303030303,0.3199694444444445,0.9640484848484848,0.8839888888888889,0.5764333333333334,0.6265305555555556
5667156,0.6857142857142857,0.6666666666666666,4.0285714285714285,4,0.5,0.4907692307692308,0.6090146750524109,0.4635653871177619,0.9152123109807201,0.8081885202904031,24,36,0.2955514285714286,0.31132777777777776,0.7021285714285714,0.6515555555555556,0.6837228571428572,0.6340722222222223
5667169,0.6944444444444444,0.6470588235294118,3.8055555555555554,3.9411764705882355,0.5,0.4916387959866221,0.5781144781144781,0.6055594651653765,0.961647194574017,0.7189164533572813,25,32,0.54109444445,0.5289147058764706,0.955447222225,0.9686264705882353,0.9054138888888889,0.877847058817647
5667172,0.5882352941176471,0.5714285714285714,3.911764705882353,4.085714285714285,0.5,0.4962797619047619,0.39360269360269357,0.6104761904761905,0.4263205356015801,0.3951451530692812,20,25,0.34856470588235294,0.43454,0.633314705882353,0.5746171428571428,0.6220764705882353,0.76634
5667194,0.45,0.6410256410256411,3.45,3.3846153846153846,0.5,0.492948717948718,0.37761674718196464,0.5595041322314049,-0.11391599088221849,0.6698319584789442,9,36,0.763775,0.5777435897435897,0.92611,0.8449717948717949,0.49823,0.45045128205128204
5667220,0.6363636363636364,0.6,2.3333333333333335,2.342857142857143,0.5,0.4946969696969697,0.5425531914893618,0.5322372662798195,0.7860179976110923,0.5661974396889764,21,28,0.3193787878787879,0.3158485714285714,0.7597272727272727,0.8526628571428572,0.5080545454545454,0.5593285714285714
5667254,0.8484848484848485,0.6923076923076923,4,4.205128205128205,0.5,0.48969780219780223,0.6508196721311474,0.668322618351841,2.3979980194427863,0.9807570340161671,28,42,0.6036848485090909,0.5149307692435897,0.6601757575939394,0.552743589751282,0.7724060606060607,0.7530487179538461
5667263,0.696969696969697,0.6578947368421053,3.3333333333333335,3.3421052631578947,0.5,0.4917582417582418,0.6584313725490196,0.48005865102639295,0.9536996095067791,0.8994349076672338,23,37,0.5166121212151515,0.44751578946052634,0.9645181818212121,1.0492631578973683,1.0283606060575758,1.0372052631631579
5667264,0.5384615384615384,0.5757575757575758,3.051282051282051,3.3636363636363638,0.5,0.49583333333333335,0.6297353399065906,0.5591966173361522,0.0666212221690815,0.8277893753747212,21,24,0.6990461538461539,0.5977454545454546,0.9999897435897436,1.037839393939394,0.9130820512820512,0.906309090909091
5667275,0.7222222222222222,0.6571428571428571,3.9444444444444446,4,0.5,0.49118589743589747,0.6235087719298246,0.6257606490872211,1.116651268458329,0.8201725561415828,26,34,0.36295833335555555,0.4283342857457143,0.6407277777638889,0.7330914285457143,0.7192722222333333,0.8174114285485714
5667281,0.6153846153846154,0.696969696969697,3.5128205128205128,3.303030303030303,0.5,0.487689393939394,0.43423180592991917,0.45921568627450976,1.002204256718827,1.5356814455311039,24,36,0.5242076923,0.5715969696939394,1.0338000000153846,0.9185181818212121,0.3733948717974359,0.3509848485
5667298,0.6666666666666666,0.6129032258064516,3.6666666666666665,4.032258064516129,0.5,0.4932692307692308,0.35487528344671204,0.6780272654370489,0.9155301440821085,0.4537621901698796,22,26,0.706230303030303,0.9218096774193548,1.0238969696969697,1.134274193548387,0.9417030303030303,0.9069032258064516
5667310,0.6486486486486487,0.7941176470588235,3.3513513513513513,3.1176470588235294,0.5,0.47767857142857145,0.5973828362751066,0.5606601248884925,0.7792042781212052,1.5768103120750547,24,47,0.5834,0.6092558823529411,0.7692648648648649,0.7998176470588235,0.694127027027027,0.6410205882352941
5667314,0.7142857142857143,0.7352941176470589,3.9714285714285715,4.147058823529412,0.5,0.4846153846153846,0.7545454545454545,0.6122529644268775,0.9933884957173411,1.1381975016532606,25,41,0.5105571428571428,0.5334529411764706,0.6900857142857143,0.7887529411764705,0.8049257142857142,0.8316911764705882
5667340,0.6666666666666666,0.6551724137931034,4.666666666666667,4.620689655172414,0.5,0.4897727272727273,0.6217038539553752,0.49441860465116283,0.9674215661017014,0.6744897501960817,12,28,0.5327777777777778,0.4045862068965517,0.7277222222222222,0.7877931034482759,0.312,0.36744827586206896
5667350,0.5,0.6764705882352942,3.0833333333333335,3.176470588235294,0.5,0.48958333333333337,0.4428911362284354,0.5784313725490196,0.02130996797513246,0.8994349076672338,18,35,0.49293333333333333,0.5218147058823529,0.85785,0.7289911764705882,0.3552194444444444,0.3649823529411765
5667352,0.5714285714285714,0.6904761904761905,3.357142857142857,4.095238095238095,0.5,0.4904761904761905,0.6696178937558248,0.5102406554019457,0.601789407251988,0.9311247645794042,16,45,0.317775,0.34615238095238093,0.8606928571428571,0.860954761904762,0.9060607142857143,0.8456333333333333
5667359,0.7297297297297297,0.7058823529411765,3.27027027027027,3.5,0.5,0.4872727272727273,0.7576271186440678,0.7037735849056603,1.227740476974742,1.0000101913642037,27,38,0.3862702702702703,0.36220588235294116,0.904054054054054,0.8585294117647059,0.960027027027027,0.9376176470588236
5667362,0.5428571428571428,0.6285714285714286,3.657142857142857,3.6,0.5,0.49301242236024845,0.5628535512256442,0.48288347597103354,0.2687335047397027,0.5977601260424784,19,31,0.6581142857142858,0.6073714285714286,0.9394028571428571,0.8965714285714286,1.1100714285714286,1.0376771428571427
5667403,0.4722222222222222,0.6363636363636364,3.5277777777777777,3.5757575757575757,0.5,0.49213286713286714,0.5333929636255218,0.5220102714600148,-0.09305328416018796,0.5938944639856845,17,30,0.5480694444333334,0.4823303030030303,0.9586500000027778,1.047269696990909,0.7214305555805556,0.945030303
5667431,0.6363636363636364,0.6756756756756757,4.121212121212121,4.162162162162162,0.5,0.4903846153846154,0.48679383712399116,0.5163009404388714,0.6564751688351954,0.8604864420412431,21,38,0.36376363636060605,0.4023864864810811,0.6316818181848485,0.7363324324216216,0.5190878787939394,0.5653783783648648
5667456,0.5405405405405406,0.6571428571428571,3.7027027027027026,4.085714285714285,0.5,0.49118589743589747,0.541025641025641,0.5946585530764029,0.2104283942479247,0.7764912949768702,20,34,0.48491081081081083,0.42246,0.9634918918918919,1.024757142857143,0.721754054054054,0.7184542857142857
5667457,0.47058823529411764,0.6764705882352942,3.735294117647059,3.676470588235294,0.5,0.48958333333333337,0.485497692814766,0.47095134350036316,-0.14074347392946918,0.8644846099038302,16,35,0.45551176470588234,0.4712176470588235,0.8997441176470589,0.8873558823529412,0.6092941176470589,0.7325823529411765
5667480,0.6666666666666666,0.5652173913043478,3.619047619047619,3.717391304347826,0.5,0.4973544973544973,0.4425837320574163,0.42904483430799223,0.7914284849566424,0.2690754077651353,14,32,0.5912,0.5509913043478261,0.6574380952380953,0.6129934782608696,1.0047380952380953,0.8966630434782609
5667513,0.6470588235294118,0.6666666666666666,4.0588235294117645,4.527777777777778,0.5,0.4907692307692308,0.37755102040816324,0.4414443721535459,0.9472833913063683,1.0840410530989253,22,36,0.7554352941176471,0.5479083333333333,0.80455,0.7778833333333334,1.2021029411764705,1.1867916666666667
5667520,0.8387096774193549,0.7368421052631579,3.064516129032258,3.3157894736842106,0.5,0.4858934169278997,0.5233918128654971,0.6468852459016393,1.8132381989584032,1.1809849087687665,26,46,0.6709290322580646,0.7036131578947369,1.1431,1.1242763157894737,1.0412870967741936,1.1338605263157895
5667549,0.6285714285714286,0.7297297297297297,3.2285714285714286,3.2162162162162162,0.5,0.48620129870129875,0.4986833443054641,0.5596610169491526,0.6408009113855279,1.201583416478433,22,44,0.35128285716,0.3853918918891892,0.49580857142285717,0.5046486486459459,0.5850314285714285,0.5721432432243243
5667551,0.475,0.6296296296296297,3.725,4,0.5,0.4911616161616162,0.4336961900049481,0.6723076923076923,-0.06601097279234402,0.6140428637838031,19,24,0.498045,0.3905296296296296,1.0056075,0.9841666666666666,0.49965750000000003,0.44618148148148146
5667560,0.8055555555555556,0.6,4.277777777777778,4.171428571428572,0.5,0.4946969696969697,0.6069340016708438,0.5773694390715667,1.5963257837338916,0.4497730163166396,29,28,0.6122055555666667,0.6619200000028571,1.01416944445,1.0409171428514286,0.6546416666583333,0.6915857143314286
5667561,0.5666666666666667,0.725,4.766666666666667,4.825,0.5,0.48750000000000004,0.521505376344086,0.5352733686067019,0.2658480667637682,1.3386812968811397,17,47,0.6101700000266667,0.5953049999825,0.7218533333133333,0.673715,0.47144666666333335,0.514004999995
5667562,0.5555555555555556,0.5555555555555556,3,3.5,0.5,0.49719887955182074,0.53003003003003,0.4483483483483483,0.2669941254049526,0.2669941254049526,20,24,0.3415333333416667,0.3614972222138889,0.94330555555,0.9288944444416667,0.667922222225,0.6725333333416667
5667573,0.8181818181818182,0.7894736842105263,3.9696969696969697,4.078947368421052,0.5,0.48028673835125446,0.6136590229312064,0.5190476190476191,1.8144376442278887,1.6228440142795322,27,52,0.32799696970303033,0.3053210526394737,0.7097575757757576,0.7452368420947368,0.6575696969484849,0.6990421052631579
5667582,0.8,0.6216216216216216,3.2333333333333334,3.972972972972973,0.5,0.49375,0.5599334073251943,0.5273321449792038,1.5487053792140244,0.7419860071343302,24,32,0.36132333333,0.5155405405432433,1.1652066666633334,1.2525972973,1.08947666666,0.885827027027027
5667615,0.78125,0.575,4.1875,3.975,0.5,0.4965277777777778,0.4311004784688995,0.6840120663650076,1.6510091503963285,0.36068850692586885,25,29,0.45684375,0.495155,0.67531875,0.713605,0.5601375,0.6498125
5667624,0.7222222222222222,0.8055555555555556,3.888888888888889,4.333333333333333,0.5,0.47708333333333336,0.6389473684210526,0.804093567251462,1.123221752049355,1.6738813237652135,26,51,0.5284388888888889,0.44271944444444444,0.8564333333333333,0.7439083333333334,0.7914055555555556,0.6516888888888889
5667633,0.6388888888888888,0.6944444444444444,3.2777777777777777,3.75,0.5,0.4887820512820513,0.5556609740670462,0.6225589225589226,1.52340360353286,1.5229004656347833,23,39,0.36192499998333333,0.39749444446944443,0.6458472222166667,0.6457805555805556,0.6695111111333334,0.6314361111
5667641,0.7931034482758621,0.5555555555555556,4,4.222222222222222,0.5,0.49719887955182074,0.6222606689734718,0.5816816816816817,2.0306258722097565,0.40787193000429267,23,24,0.5224758620689656,0.47220833333333334,1.004148275862069,0.9039861111111112,1.3589586206896551,1.0603805555555557
5667658,0.6333333333333333,0.5,3.3333333333333335,3.7941176470588234,0.5,0.5,0.4517657192075797,0.5631163708086785,0.7084365708761757,1e-4,19,17,0.9538533333333333,1.1814264705882354,0.9984933333333333,0.851635294117647,1.3187066666666667,1.1976941176470588
5667670,0.5897435897435898,0.6774193548387096,4.333333333333333,4.387096774193548,0.5,0.48863636363636365,0.6483836777954425,0.4897872340425532,0.4288131347437835,0.9244088708737664,23,32,0.4254820512820513,0.6448096774193548,0.8557615384615385,0.9265709677419355,0.7911769230769231,0.8569677419354839
5667685,0.84375,0.55,3.53125,3.625,0.5,0.4977116704805492,0.5768361581920904,0.5547536087605774,1.9806064575628515,0.25616017679552716,27,26,0.44375,0.481125,0.7163437500000001,0.7006249999999999,0.23146875,0.297475
5667686,0.5882352941176471,0.6216216216216216,3.735294117647059,3.6216216216216215,0.5,0.49375,0.3074074074074074,0.529708853238265,0.7263811722156746,0.5023994168180981,20,32,0.4645264705882353,0.5105567567567567,0.9156911764705883,0.7624054054054055,0.6053588235294117,0.618327027027027
5667687,0.6296296296296297,0.5681818181818182,4.555555555555555,4.4772727272727275,0.5,0.4971153846153846,0.5205128205128206,0.5160676532769556,0.388844999181905,0.1489988461258599,17,31,0.6055888888888888,0.4873522727272727,0.8442666666666667,0.6338227272727273,0.9363888888888888,0.86745
5667695,0.5882352941176471,0.6944444444444444,2.9705882352941178,2.8333333333333335,0.5,0.4887820512820513,0.7154882154882154,0.5875420875420876,0.7490758867308668,0.8572543202211784,20,39,0.4136264705882353,0.4565472222222222,1.0022352941176471,0.9237222222222222,0.7025264705882353,0.8114361111111111
5667715,0.6944444444444444,0.7777777777777778,3.0833333333333335,3.3055555555555554,0.5,0.48084291187739464,0.6858585858585858,0.5249804839968775,0.9396257174692134,1.546331968645525,25,48,0.37859444444444446,0.42290555555555553,0.7123361111111111,0.6808388888888889,0.4241361111111111,0.42794444444444446
5667726,0.6666666666666666,0.4666666666666667,4.0588235294117645,3.933333333333333,0.5,0.5034722222222222,0.6707060063224446,0.5601503759398496,0.8910927541658604,-0.08027500708282553,34,6,0.7086078431313726,0.6308733333533333,1.0217941176470589,0.9833000000066666,0.9210627450980392,1.0321200000066666
5667753,0.5,0.5151515151515151,4.676470588235294,4.515151515151516,0.5,0.4991830065359477,0.5223537146614069,0.42515592515592515,-0.14969649029673737,0.17240791038419234,17,18,0.45710294118235295,0.5549545454848485,0.6845558823617647,0.8120787878727272,0.49714117648235295,0.6847454545424242
5667757,0.8571428571428571,0.8378378378378378,4.4,4.594594594594595,0.5,0.4720982142857143,0.7338461538461538,0.8020193151887621,1.956182878759788,2.026191990126743,30,56,0.35622857142857145,0.37694594594594594,0.8599428571428571,0.8635675675675676,0.3812857142857143,0.3999189189189189
5667787,0.6,0.6944444444444444,4.3428571428571425,4.25,0.5,0.4887820512820513,0.5025789813023855,0.6683501683501684,0.5205587089557089,0.9396257174692134,21,39,0.4320457142857143,0.45921666666666666,0.8918,0.9662888888888889,0.5611685714285715,0.6131277777777778
5667802,0.7428571428571429,0.5675675675675675,3.4285714285714284,3.27027027027027,0.5,0.4966577540106952,0.5640732265446224,0.5207015526164462,1.166189318017031,0.17285921595671283,26,26,0.38285714285714284,0.4585945945945946,0.7613142857142857,0.8302432432432433,0.3687714285714286,0.4122972972972973
5667827,0.8378378378378378,0.7428571428571429,3.6486486486486487,3.942857142857143,0.5,0.4842592592592592,0.5983318700614574,0.4908466819221968,1.8668468805539993,1.9145058250555569,31,43,0.35412162162162164,0.3063485714285714,0.6835783783783784,0.6612857142857143,0.7764567567567567,0.7718857142857143
5667828,0.6571428571428571,0.5277777777777778,3.4,2.9444444444444446,0.5,0.4986111111111111,0.6135902636916836,0.5250447227191413,0.8180226439049825,0.11943350595433683,23,21,0.3693457142857143,0.3928361111111111,0.8219342857142857,0.8966888888888889,0.5922371428571429,0.5750694444444444
5667846,0.5238095238095238,0.62,3.619047619047619,3.58,0.5,0.4953125,0.38740740740740737,0.4257202360291566,0.075733161705831,0.9012259237809698,11,43,0.3255047619047619,0.377028000002,0.8956190476190476,0.887014000002,0.6939095238095239,0.669767999992
5667861,0.6470588235294118,0.5263157894736842,4.117647058823529,4.2368421052631575,0.5,0.4987468671679198,0.5365939479239972,0.5140921409214093,0.8391285390911414,0.02903104709341653,22,22,0.4003147058764706,0.4581921052578947,0.8662382353,0.8813184210473685,0.33086176470588236,0.3359842105289474
5667916,0.6,0.7777777777777778,3.2285714285714286,4.194444444444445,0.5,0.48084291187739464,0.5206318504190844,0.6139734582357533,0.6709136165232702,1.5678824550610524,21,48,0.488,0.4616388888888889,0.6930571428571428,0.5883055555555555,0.8898857142857143,0.7846944444444445
5667926,0.5833333333333334,0.5277777777777778,2.6666666666666665,2.9722222222222223,0.5,0.4986111111111111,0.5279635258358663,0.5989862850327966,0.3999246085209383,0.2638739941316939,21,21,0.5352777777777777,0.5371833333333333,1.2343555555583334,1.13035,0.7349305555611111,0.7173916666666666
5667937,0.7368421052631579,0.6176470588235294,2.6315789473684212,2.735294117647059,0.5,0.4935064935064935,0.45672131147540984,0.6111873713109128,1.2091772165303483,0.5659188120874554,28,29,0.32206842105263156,0.3542558823529412,0.7138710526315789,0.7368176470588236,0.5698815789473685,0.5614735294117646
5667989,0.6216216216216216,0.5428571428571428,2.6486486486486487,2.7142857142857144,0.5,0.49779411764705883,0.5463458110516934,0.43463230672533,0.4550042548994529,0.3526534230705288,23,22,0.4381648648648649,0.4717942857142857,0.8399,0.8429171428571429,0.538627027027027,0.5999714285714286
5668000,0.5675675675675675,0.696969696969697,3.2432432432432434,3.4242424242424243,0.5,0.487689393939394,0.5644048303622771,0.5470588235294117,0.39785813621361626,1.2350070173747991,21,36,0.489972972972973,0.5126181818181819,1.0336891891891893,1.0277151515151515,0.7064864864864865,0.7393272727272727
5668071,0.6086956521739131,0.5681818181818182,3.391304347826087,3.522727272727273,0.5,0.4971153846153846,0.5395256916996047,0.4754756871035941,0.8871465590188758,0.009185264216203581,14,31,0.5124652173913044,0.5384340909090909,0.6302478260869565,0.6016704545454545,0.5963130434782609,0.6225318181818181
5668162,0.8181818181818182,0.7428571428571429,4.03030303030303,4.171428571428572,0.5,0.4842592592592592,0.5877367896311068,0.6632341723874905,1.7236211481600527,1.352319033481712,27,43,0.305569696969697,0.32748,0.6622454545454546,0.6554542857142858,0.5064484848484848,0.44566285714285714
5668177,0.4,0.5535714285714286,3.466666666666667,3.6964285714285716,0.5,0.49819711538461536,0.4948849104859335,0.648168249660787,-0.43952683167267875,0.2622827653916217,6,37,0.8202066666666666,0.44871964285714283,0.63576,0.4676464285714286,0.6422066666666667,0.47896964285714283
5668256,0.3448275862068966,0.6388888888888888,4.344827586206897,4.222222222222222,0.5,0.49255952380952384,0.5483720930232558,0.44560404807084125,-0.5807955437028587,0.6159315189358853,10,33,0.4765144827586207,0.37424847222222224,0.929838275862069,0.9766047222222223,0.5048736206896551,0.49711055555555556
5668278,0.5,0.5588235294117647,2.763157894736842,3,0.5,0.496875,0.6352082206598161,0.606312292358804,1e-4,0.4108351578806776,19,23,0.3219,0.36509411764705885,0.6665342105263158,0.6668029411764705,0.45055526315789474,0.44530294117647057
5668292,0.5833333333333334,0.6388888888888888,2.861111111111111,2.8055555555555554,0.5,0.49255952380952384,0.5875379939209726,0.5164452877925364,0.45785193101249505,1.159960308314898,21,33,0.5639222222222222,0.6230583333305555,1.0032583333277778,0.9829444444166666,0.719725000025,0.6585944444583334
5668299,0.7272727272727273,0.7692307692307693,4.151515151515151,4.102564102564102,0.5,0.48306451612903223,0.49507793273174733,0.5762541806020067,1.1373922767415467,1.4984004815762355,24,51,0.44388181817878786,0.43856410252564104,0.5449393939424243,0.5558615384666666,0.3731454545272727,0.3764871794897436
5668317,0.6060606060606061,0.5384615384615384,3.909090909090909,4.666666666666667,0.5,0.49820574162679426,0.5874551971326165,0.6152049818370524,0.8432141808213043,0.19387848170089617,20,24,0.40524242424242424,0.4196923076923077,0.9394848484848485,0.7941282051282051,0.6093030303030303,0.47335897435897434
5668323,0.6486486486486487,0.7428571428571429,2.4324324324324325,3.4857142857142858,0.5,0.4842592592592592,0.4829580036518564,0.5533943554538521,0.8833552549710553,1.352319033481712,24,43,0.4264972972972973,0.3586714285714286,0.6716675675675676,0.6741285714285714,0.7660270270270271,0.6747571428571428
5668336,0.5588235294117647,0.7105263157894737,2.5588235294117645,2.3684210526315788,0.5,0.48809523809523814,0.4813953488372093,0.6330822347771501,0.29990888727200155,1.0359228851771605,19,43,0.5009705882352942,0.4363421052631579,0.7516470588235294,0.737,0.43838235294117645,0.5295
5668339,0.6944444444444444,0.6944444444444444,4.166666666666667,4.277777777777778,0.5,0.4887820512820513,0.6535353535353535,0.6696969696969697,1.0609183890789406,0.9751447253233998,25,39,0.5626750000055556,0.4533833333305556,0.9437944444527778,0.8743277777722223,0.7505750000027778,0.6454666666777777
5668666,0.6,0.5789473684210527,2.8666666666666667,2.6578947368421053,0.5,0.4961636828644501,0.3889823380992431,0.6025923883066739,0.7371109210127147,0.3677100255444188,18,28,0.5639333333333333,0.587421052631579,0.8877333333333334,0.9469473684210526,0.8982,0.9137894736842105
5668697,0.6571428571428571,0.7096774193548387,3.6,3.6129032258064515,0.5,0.48586956521739133,0.6379310344827586,0.5763087843833185,0.9864246200207574,1.0151845772838772,23,35,0.7379428571428571,0.6401290322580645,0.8587714285714285,0.7070967741935484,1.3277714285714286,1.207032258064516
5668842,0.7894736842105263,0.7352941176470589,2.763157894736842,3.0588235294117645,0.5,0.4846153846153846,0.5263736263736264,0.6359683794466403,1.536123870370254,1.1576650916821944,30,41,0.3484842105157895,0.38397058825,0.8149921052763158,0.8253352941352942,0.4776736842342105,0.4529352941147059
5668894,0.8461538461538461,0.7045454545454546,4.1923076923076925,4.340909090909091,0.5,0.48995535714285715,0.6601255886970172,0.5038517091959558,1.7084141789123384,1.0226441598538905,22,49,0.38553846153846155,0.33943181818181817,0.45203846153846156,0.42604545454545456,0.4025,0.4940681818181818
5669047,0.696969696969697,0.5555555555555556,3.090909090909091,2.888888888888889,0.5,0.49719887955182074,0.5909803921568628,0.4543543543543543,1.0434158865528802,0.17963222994988154,23,24,0.3221060606060606,0.33172222222222225,0.6761272727272727,0.7548583333333333,0.8400151515151515,0.9526027777777778
5669095,0.7297297297297297,0.7,3.3783783783783785,3.966666666666667,0.5,0.48636363636363633,0.6383050847457628,0.5055504162812211,1.1248014013949028,1.7688250385187059,27,33,0.8215405405378379,0.6117533333333334,0.9840972972864865,0.87870333334,1.028689189191892,0.9801766666666667
5669174,0.7222222222222222,0.6111111111111112,2.888888888888889,3.4444444444444446,0.5,0.49420289855072463,0.6950877192982456,0.4554730983302412,1.095336091974872,0.7011439752925382,26,30,0.4338638888888889,0.39823055555555553,0.8350416666666667,0.8289777777777778,0.5418083333333333,0.5223833333333333
5669345,0.4594594594594595,0.6764705882352942,4.648648648648648,4.323529411764706,0.5,0.48958333333333337,0.5797720797720798,0.4753086419753087,-0.09580298886850891,0.7358521398534732,17,35,0.3935837837837838,0.45726764705882356,0.9840729729729729,0.9911529411764706,0.4092972972972973,0.49135
5669405,0.6388888888888888,0.6388888888888888,3.5277777777777777,3.8333333333333335,0.5,0.49255952380952384,0.6151170145477546,0.5784313725490197,0.7371965281392956,0.697606485382149,23,33,0.3755694444527778,0.3641027777972222,0.6950805555472223,0.6708388888916667,1.051530555563889,1.0209888888861112
5669469,0.5135135135135135,0.5588235294117647,3.675675675675676,3.8529411764705883,0.5,0.496875,0.4795802609188883,0.5425249169435216,0.14401988130676446,0.3531460610648157,19,23,0.48867567567567566,0.4368529411764706,0.6181081081081081,0.6023235294117647,0.446,0.47144117647058825
5669472,0.717948717948718,0.6206896551724138,4.076923076923077,4.275862068965517,0.5,0.4923245614035088,0.5898603521554342,0.6897018970189702,1.207414050222202,0.6028129254411528,28,25,0.5011641025641026,0.557948275862069,1.030774358974359,0.9405655172413793,0.7876153846153846,0.8959034482758621
5669629,0.375,0.5769230769230769,4.0625,4.519230769230769,0.5,0.49719495091164095,0.5611764705882353,0.6054945054945055,-0.5426311510177383,0.4124631294414046,6,38,0.95192499995,0.5272057692384615,0.73833750003125,0.704628846123077,0.8476312500187501,0.7124480769211539
5669662,0.7027027027027027,0.6129032258064516,4.297297297297297,4.32258064516129,0.5,0.4932692307692308,0.4597141000649772,0.5400962309542903,1.0020670019912994,0.6284346514220888,26,26,0.43496486486486485,0.39786451612903223,0.5929081081081081,0.6229258064516129,0.4909081081081081,0.5340322580645162
5669685,0.6756756756756757,0.6176470588235294,3.2972972972972974,3.5588235294117645,0.5,0.4935064935064935,0.5112852664576802,0.6221688400823611,0.8254944909292357,0.6418389401987699,25,29,0.3976972972972973,0.3531705882352941,0.6684054054054054,0.6876676470588236,0.7902486486486486,0.6270382352941176
5669704,0.6875,0.7647058823529411,4.1875,4.088235294117647,0.5,0.48148148148148145,0.6077551020408163,0.5150375939849625,0.9311247645794042,1.365397451844021,22,44,0.53044375,0.5642147058823529,0.9335125,0.8553264705882353,0.839175,0.8225735294117646
5669789,0.8378378378378378,0.8529411764705882,2.7567567567567566,3.911764705882353,0.5,0.4666666666666667,0.6316944688323091,0.5465608465608465,1.834024198740714,2.0574838772967197,31,53,0.3813945945945946,0.43038529411764703,0.6075945945945946,0.5943647058823529,0.6909513513513513,0.6790147058823529
5669834,0.5428571428571428,0.5833333333333334,3.3714285714285714,3.5277777777777777,0.5,0.49573863636363635,0.4321181646763042,0.5498480243161095,0.1300805647428174,0.21689640571540858,19,27,0.4383542856714286,0.45174722222777774,1.3291400000057143,1.1185861111027777,0.6133428571428572,0.7434444444472222
5669993,0.6,0.6216216216216216,3.04,3.8378378378378377,0.5,0.49375,0.47257142857142853,0.5879382055852644,0.3036326401556604,0.7764217611479276,15,32,0.34086000016,0.492764865,0.840383999912,0.8048729729783783,0.76942800012,0.8729999999945945
5670193,0.5555555555555556,0.6857142857142857,4.111111111111111,4.428571428571429,0.5,0.4891666666666667,0.5936936936936936,0.553109713487072,0.05070876857039741,1.338551239902975,20,37,0.31554444444444446,0.3859742857142857,0.8259666666666666,0.7971228571428571,0.5282722222222223,0.5224628571428571
5670370,0.7058823529411765,0.8,4.147058823529412,4.428571428571429,0.5,0.47737068965517243,0.6267924528301887,0.582830025884383,1.401199678584443,2.00042356910598,24,49,0.47320882343529413,0.45198857141142856,0.7241676469882353,0.6553171429828571,0.8973529411176471,0.9427999999828571
5670593,0.7368421052631579,0.6470588235294118,3.8684210526315788,3.7058823529411766,0.5,0.4916387959866221,0.5078688524590164,0.6505981703026038,1.213698070859545,0.7248460564174477,28,32,0.5478578947368421,0.6163323529411765,0.9349894736842105,0.8920205882352942,0.5846921052631578,0.6238882352941176
5670619,0.7058823529411765,0.6451612903225806,4.470588235294118,4.612903225806452,0.5,0.4910714285714286,0.4310344827586207,0.6497942386831276,0.9051692793734727,0.7307018768621316,12,29,0.41547058823529415,0.46132483870967744,0.5631391176470588,0.6277314516129032,0.4910997058823529,0.4621209677419355
5670705,0.3157894736842105,0.6341463414634146,4.631578947368421,4.390243902439025,0.5,0.49363425925925924,0.5113851992409867,0.6042606516290727,-0.450228184099946,0.7797323717988116,6,37,0.5055368421052632,0.5422878048780487,0.8742105263157894,0.9354292682926829,0.24492105263157896,0.5022341463414635
5670744,0.7857142857142857,0.6571428571428571,3.857142857142857,4.0285714285714285,0.5,0.49118589743589747,0.6056422569027611,0.48242055442866805,1.4558265817632885,0.8616341201741723,22,34,0.3346,0.47111714285714285,0.9182392857142857,0.9066885714285714,0.9372857142857143,0.9612228571428572
5670792,0.8292682926829268,0.5666666666666667,3.2439024390243905,3.533333333333333,0.5,0.49603174603174605,0.4293439077144917,0.6042183622828784,1.789839779896261,0.34069482708779547,34,21,0.7077560975609756,0.7053866666666666,0.9363243902439025,0.8804766666666667,0.5827634146341464,0.62318
5670804,0.5,0.6756756756756757,3.411764705882353,3.108108108108108,0.5,0.4903846153846154,0.6012491781722551,0.5150470219435737,0.048083683055995224,0.8745944159099263,17,38,0.35802058824411764,0.38097297297297295,1.122849999997059,1.1564324324513513,0.8125323529529411,0.8781216216351352
5670832,0.7222222222222222,0.6176470588235294,2.25,2.3529411764705883,0.5,0.4935064935064935,0.6150877192982456,0.5013726835964311,1.1261047883137438,0.5663010358706196,26,29,0.4044861111083333,0.4053882352764706,1.0980444444444444,1.085467647064706,1.0621250000027778,1.0434088235323529
5670836,0.6818181818181818,0.6521739130434783,3.3636363636363638,4.195652173913044,0.5,0.49335863377609107,0.5661654135338345,0.6064449064449065,0.8001510970511557,0.8737175644851578,15,44,0.6648090909318182,0.6045173912826087,0.8811909090909091,0.8736152173978261,0.47840454546818184,0.5128260869739131
5670926,0.6206896551724138,0.8095238095238095,4.275862068965517,4.404761904761905,0.5,0.4793650793650793,0.7475158084914183,0.5704500978473581,0.7302194567729137,1.6765240695107253,18,60,0.5335517241379311,0.60475,0.9837620689655172,0.9302785714285714,0.863048275862069,0.7784738095238095
5671206,0.6896551724137931,0.6428571428571429,2.6551724137931036,3.5714285714285716,0.5,0.49330357142857145,0.5077294685990338,0.5958837772397094,0.9737966606617487,0.9930386957658373,20,39,0.5126793103448276,0.5545761904761904,1.2811586206896552,1.0197690476190475,1.0144103448275863,0.9374476190476191
5671337,0.5625,0.6052631578947368,3.40625,3.4210526315789473,0.5,0.4947916666666667,0.4955654101995566,0.5851540616246499,0.0809252761643876,1.0186971417333646,18,31,0.471065625,0.3630052631578947,0.82958125,0.8339210526315789,0.3036,0.3314947368421053
5671405,0.6111111111111112,0.6388888888888888,3.0555555555555554,3.3055555555555554,0.5,0.49255952380952384,0.2860235003092146,0.4392789373814042,1.4527485452343145,0.628281887966646,22,33,0.7758055555555555,0.7344444444444445,0.7118055555555556,0.7242777777777778,0.6980833333333334,0.6493888888888889
5671407,0.7567567567567568,0.8285714285714286,3.810810810810811,4.314285714285714,0.5,0.47261904761904766,0.7466143977191733,0.6456582633053222,1.6510159955008334,1.726114463034531,28,52,0.36524324324324325,0.40605714285714284,0.7983513513513514,0.7918,0.920972972972973,0.8740285714285714
5671724,0.7105263157894737,0.7272727272727273,2.8684210526315788,3.3333333333333335,0.5,0.485,0.5200878844946641,0.49015586546349466,1.2130561583192216,1.1609410306398393,27,39,0.592836842118421,0.4771727272818182,0.8194157894789473,0.7738060606121212,0.6405657894763158,0.6494181818151515
5671731,0.48484848484848486,0.5263157894736842,2.3333333333333335,2.6315789473684212,0.5,0.4987468671679198,0.6081081081081082,0.4718157181571815,0.1105552615823483,0.0679866584344676,16,22,0.4845939393939394,0.5756447368421053,0.6736848484848484,0.5837552631578947,0.7691121212121211,0.8114894736842105
5671857,0.8333333333333334,0.9714285714285714,2.138888888888889,3.257142857142857,0.5,0.3821428571428571,0.6610859728506787,0.6291585127201564,1.9480195300478125,3.329041431271885,30,67,0.6788249999944445,0.6986228571485714,0.9539166666777777,0.8309142857,0.769116666675,0.7402028571371428
5671932,0.7272727272727273,0.6111111111111112,3.212121212121212,3.1944444444444446,0.5,0.49420289855072463,0.5557834290401968,0.691713048855906,1.1831460130192912,0.4894970512365382,24,30,0.5487,0.5347500000000001,0.8734121212121212,0.9042472222222222,0.8035,0.8366472222222222
5672069,0.391304347826087,0.6086956521739131,3.347826086956522,3.5217391304347827,0.5,0.49546279491833034,0.5210803689064559,0.5471811275489804,-0.5126675063883015,0.558049429810392,9,38,0.5445086956521739,0.6098543478260869,1.1114695652173914,1.16885,0.8541260869565217,0.9460500000000001
5672278,0.6571428571428571,0.5142857142857142,3.7142857142857144,3.6285714285714286,0.5,0.4992690058479532,0.6392832995267073,0.5900562851782364,0.9085299868146351,0.17514202746231078,23,19,0.3909028571342857,0.39952285714,0.6579457142828571,0.6347114285714286,0.43707714286,0.5251857142857143
5672293,0.6111111111111112,0.47058823529411764,2.638888888888889,3.676470588235294,0.5,0.5015479876160991,0.5296846011131726,0.5909690177982861,0.6361318366139302,-0.6440674045822242,22,14,0.4352888888888889,0.4470264705882353,0.9538861111111111,0.8068235294117647,0.6059138888888889,0.5509382352941177
5672500,0.6341463414634146,0.6896551724137931,2.975609756097561,2.689655172413793,0.5,0.4869047619047619,0.6072681704260651,0.5657004830917874,0.6516444621616717,1.0458339788348137,26,31,0.4373048780487805,0.3915,0.48320975609756095,0.49234137931034483,0.5880317073170731,0.6159620689655172
5672785,0.6,0.673469387755102,3.75,3.63265306122449,0.5,0.4926470588235294,0.6083743842364533,0.6948991244765892,0.7177940255294142,0.9708329606685928,12,50,0.32539,0.34220204081632655,0.6669849999999999,0.7179979591836735,0.5277499999999999,0.6900020408163265
5672848,0.5757575757575758,0.5945945945945946,4.636363636363637,4.648648648648648,0.5,0.4952445652173913,0.5606060606060606,0.573469387755102,0.6032659173782184,0.42751565036309835,19,29,0.28876363636363633,0.3296108108108108,0.9087181818181818,0.9343162162162162,0.7629545454545454,0.6723945945945946
5672898,0.6363636363636364,0.375,2.8181818181818183,2.6666666666666665,0.5,0.509375,0.5601614086573734,0.4677018633540373,0.6216561949579851,-0.6406831257803727,21,3,1.0648151515151516,1.3264541666666667,1.1335515151515152,0.9916416666666666,0.8538424242424243,0.9191666666666667
5673072,0.5833333333333334,0.7142857142857143,3.5555555555555554,3.6,0.5,0.48688811188811193,0.551063829787234,0.5552727272727273,0.40672425187136363,1.06341100181201,21,40,0.5758666666944444,0.5635314285685714,0.7682916667,0.7712542856971428,0.8281416666722222,0.8448200000142857
5673245,0.5333333333333333,0.45714285714285713,3.4,3.5714285714285716,0.5,0.5022058823529412,0.5851760851760852,0.4912005028284099,0.22509360224237407,-0.31026485366781503,16,13,0.42768666667,0.41974571429714286,0.38315333333333335,0.45329142859142857,0.26106666665,0.26836285711714286
5673345,0.5675675675675675,0.47058823529411764,3.5675675675675675,3.323529411764706,0.5,0.5015479876160991,0.5057504312823462,0.5619644034278181,0.33007650728776683,-0.11070601353968029,21,14,0.5149972972972973,0.5489088235264706,0.6926432432486487,0.6872735294205883,0.5306378378324325,0.49177647060588237
5673387,0.5757575757575758,0.6111111111111112,3.393939393939394,3.888888888888889,0.5,0.49420289855072463,0.6719520789288231,0.5717377860235003,0.3689918307841227,0.5841846479018201,19,30,0.5277030303212121,0.5495083333361112,0.8474151515151515,0.7832500000138889,0.5408454545393939,0.483736111125
5673423,0.5714285714285714,0.5277777777777778,3.742857142857143,3.75,0.5,0.4986111111111111,0.5012698412698413,0.42248062015503873,0.45490986830280866,0.0982717723303489,20,21,0.5744971428571428,0.6273555555555556,1.0460314285714285,0.9366583333333334,0.6963,0.6156277777777778
5673508,0.5588235294117647,0.6052631578947368,3.0588235294117645,3.763157894736842,0.5,0.4947916666666667,0.5212624584717609,0.39915966386554624,0.2801133145663805,0.5662966000876769,19,31,0.32698529411764704,0.3438921052631579,0.7665029411764706,0.7053578947368421,0.7776264705882353,0.7618421052631579
5673628,0.6521739130434783,0.6521739130434783,4.130434782608695,4.195652173913044,0.5,0.49335863377609107,0.4727891156462585,0.6663201663201663,0.7647903176748108,0.7676052947965031,15,44,0.37876521739130437,0.5427021739130434,0.7069043478260869,0.730878260876087,0.9297260869521738,0.8418630434869565
5673630,0.7142857142857143,0.5344827586206896,3.7142857142857144,3.9310344827586206,0.5,0.49888392857142855,0.5184615384615384,0.6674677460156843,1.0444572436290465,0.22824504144778301,10,35,0.4398785714285714,0.4750103448275862,0.7776571428571428,0.6284879310344827,0.8321428571428572,0.8496948275862068
5673696,0.5428571428571428,0.4857142857142857,4.514285714285714,4.142857142857143,0.5,0.5007309941520468,0.5050282840980516,0.48373983739837395,0.18911842627279238,-0.17514202746231078,19,16,0.5102657143,0.42427428570857145,0.7194685714428571,0.6363599999828571,0.5956400000142857,0.5176485714514286
5673703,0.875,0.625,3.75,3.7708333333333335,0.5,0.49490662139219016,0.46632996632996637,0.3026266416510319,2.2086102945486275,0.65851768374225506,14,42,0.402375,0.6820833333333334,0.94675,0.8702916666666667,0.4345,0.3022916666666667
5673943,0.6176470588235294,0.65625,4.647058823529412,4.78125,0.5,0.49053030303030304,0.5494166094715168,0.6670606776989756,0.5913684915945178,0.7913946381129933,21,31,0.6408088235352941,0.7717625,0.8819882352882353,0.842100000009375,0.6427529411882353,0.64366874999375
5674474,0.8125,0.6052631578947368,4.1875,4.157894736842105,0.5,0.4947916666666667,0.6290322580645161,0.5661064425770308,1.875434965085558,0.3994023892086834,13,31,0.42074374998124997,0.4321184210763158,0.60804999996875,0.6757368420868421,0.282324999925,0.48372894734736843
5674673,0.7222222222222222,0.6388888888888888,2.138888888888889,3.5555555555555554,0.5,0.49255952380952384,0.5589473684210526,0.6644528779253638,1.1802734841385474,0.6976064853821491,26,33,0.4342348611083333,0.43009166666944443,0.784370972225,0.7316744444444444,0.6960675000000001,0.7457086111055555
5674719,0.56,0.5652173913043478,3.12,3.9565217391304346,0.5,0.4973544973544973,0.3226711560044895,0.5062378167641325,0.3724430185544346,0.40362171530962665,14,32,0.556908,0.6005847826086956,0.591276,0.6323282608695652,1.0265360000000001,0.9853391304347826
5675554,0.5714285714285714,0.6756756756756757,3.4285714285714284,3.864864864864865,0.5,0.4903846153846154,0.5622222222222222,0.5890282131661442,0.678612211027238,0.91213726045285215,20,38,0.49583714285714287,0.5043621621621621,0.7631085714285714,0.7593945945945946,0.7125485714285714,0.7153648648648648
5675992,0.5,0.48717948717948717,2.9285714285714284,3.8461538461538463,0.5,0.5005952380952381,0.45592286501377405,0.45452196382428944,-0.09641838534882025,-0.101227912556493,14,18,0.9806785714285714,0.8683846153846154,0.7103928571428572,0.7974615384615384,1.4980357142857144,1.5823846153846155
